[{"model": "contenttypes.contenttype", "pk": 1, "fields": {"app_label": "admin", "model": "logentry"}}, {"model": "contenttypes.contenttype", "pk": 2, "fields": {"app_label": "auth", "model": "group"}}, {"model": "contenttypes.contenttype", "pk": 3, "fields": {"app_label": "auth", "model": "permission"}}, {"model": "contenttypes.contenttype", "pk": 4, "fields": {"app_label": "auth", "model": "user"}}, {"model": "contenttypes.contenttype", "pk": 5, "fields": {"app_label": "contenttypes", "model": "contenttype"}}, {"model": "contenttypes.contenttype", "pk": 6, "fields": {"app_label": "inventory", "model": "group"}}, {"model": "contenttypes.contenttype", "pk": 7, "fields": {"app_label": "inventory", "model": "host"}}, {"model": "contenttypes.contenttype", "pk": 8, "fields": {"app_label": "inventory", "model": "variable"}}, {"model": "contenttypes.contenttype", "pk": 9, "fields": {"app_label": "preferences", "model": "item"}}, {"model": "contenttypes.contenttype", "pk": 10, "fields": {"app_label": "projects", "model": "project"}}, {"model": "contenttypes.contenttype", "pk": 11, "fields": {"app_label": "runner", "model": "adhoctask"}}, {"model": "contenttypes.contenttype", "pk": 12, "fields": {"app_label": "runner", "model": "task"}}, {"model": "contenttypes.contenttype", "pk": 13, "fields": {"app_label": "runner", "model": "play"}}, {"model": "contenttypes.contenttype", "pk": 14, "fields": {"app_label": "runner", "model": "result"}}, {"model": "contenttypes.contenttype", "pk": 15, "fields": {"app_label": "runner", "model": "playbookargs"}}, {"model": "contenttypes.contenttype", "pk": 16, "fields": {"app_label": "runner", "model": "job"}}, {"model": "contenttypes.contenttype", "pk": 17, "fields": {"app_label": "sessions", "model": "session"}}, {"model": "contenttypes.contenttype", "pk": 18, "fields": {"app_label": "users", "model": "groupdata"}}, {"model": "contenttypes.contenttype", "pk": 19, "fields": {"app_label": "users", "model": "credential"}}, {"model": "contenttypes.contenttype", "pk": 20, "fields": {"app_label": "users", "model": "userdata"}}, {"model": "sessions.session", "pk": "5601xwrnplmbmqk5sjk7kt8ltownu7sl", "fields": {"session_data": "Y2Q1ZTkzZDE2MjY4ZWI3NGFhMTY2ZDkwOTZkOWExM2MxYzI5ODAyMDp7Il9hdXRoX3VzZXJfaGFzaCI6IjRmMWY0NTZlNDRiOTg5OTI2M2U2MDU4YjY2MTJmZjAyOGI1ZTJjYWMiLCJfYXV0aF91c2VyX2JhY2tlbmQiOiJkamFuZ28uY29udHJpYi5hdXRoLmJhY2tlbmRzLk1vZGVsQmFja2VuZCIsIl9hdXRoX3VzZXJfaWQiOiIxIn0=", "expire_date": "2018-08-08T14:03:36.323Z"}}, {"model": "sessions.session", "pk": "7ls6wyb72yytlbketdso5jyeg42rg11w", "fields": {"session_data": "Y2Q1ZTkzZDE2MjY4ZWI3NGFhMTY2ZDkwOTZkOWExM2MxYzI5ODAyMDp7Il9hdXRoX3VzZXJfaGFzaCI6IjRmMWY0NTZlNDRiOTg5OTI2M2U2MDU4YjY2MTJmZjAyOGI1ZTJjYWMiLCJfYXV0aF91c2VyX2JhY2tlbmQiOiJkamFuZ28uY29udHJpYi5hdXRoLmJhY2tlbmRzLk1vZGVsQmFja2VuZCIsIl9hdXRoX3VzZXJfaWQiOiIxIn0=", "expire_date": "2018-08-07T22:02:21.575Z"}}, {"model": "sessions.session", "pk": "8m25xnvfi0lei5koyln29g17rfy2g6j9", "fields": {"session_data": "ZWU1YjM1YzQ4ODQzODI0NGIwZGNkZTQ3OGE2ZGY1MjgyMWM3NDcxYjp7Il9hdXRoX3VzZXJfaGFzaCI6ImJmODU3NDdiYTNjOGM0ZDMxM2Y5MjYwNDZhNTJiOTYxMzhhYTBjYTIiLCJfYXV0aF91c2VyX2JhY2tlbmQiOiJkamFuZ28uY29udHJpYi5hdXRoLmJhY2tlbmRzLk1vZGVsQmFja2VuZCIsIl9hdXRoX3VzZXJfaWQiOiIyIn0=", "expire_date": "2018-08-06T18:45:44.016Z"}}, {"model": "sessions.session", "pk": "g7ozejrj3bldclg48bo6i53utl7wumbv", "fields": {"session_data": "Y2Q1ZTkzZDE2MjY4ZWI3NGFhMTY2ZDkwOTZkOWExM2MxYzI5ODAyMDp7Il9hdXRoX3VzZXJfaGFzaCI6IjRmMWY0NTZlNDRiOTg5OTI2M2U2MDU4YjY2MTJmZjAyOGI1ZTJjYWMiLCJfYXV0aF91c2VyX2JhY2tlbmQiOiJkamFuZ28uY29udHJpYi5hdXRoLmJhY2tlbmRzLk1vZGVsQmFja2VuZCIsIl9hdXRoX3VzZXJfaWQiOiIxIn0=", "expire_date": "2018-08-11T18:05:03.351Z"}}, {"model": "sessions.session", "pk": "h1nfzy5lzyr9ixw0fl7ny0icghuqzx8e", "fields": {"session_data": "Y2Q1ZTkzZDE2MjY4ZWI3NGFhMTY2ZDkwOTZkOWExM2MxYzI5ODAyMDp7Il9hdXRoX3VzZXJfaGFzaCI6IjRmMWY0NTZlNDRiOTg5OTI2M2U2MDU4YjY2MTJmZjAyOGI1ZTJjYWMiLCJfYXV0aF91c2VyX2JhY2tlbmQiOiJkamFuZ28uY29udHJpYi5hdXRoLmJhY2tlbmRzLk1vZGVsQmFja2VuZCIsIl9hdXRoX3VzZXJfaWQiOiIxIn0=", "expire_date": "2018-08-08T20:31:02.347Z"}}, {"model": "sessions.session", "pk": "olv41alt96vxcruejaofkcn0gm6f0yql", "fields": {"session_data": "ZWU1YjM1YzQ4ODQzODI0NGIwZGNkZTQ3OGE2ZGY1MjgyMWM3NDcxYjp7Il9hdXRoX3VzZXJfaGFzaCI6ImJmODU3NDdiYTNjOGM0ZDMxM2Y5MjYwNDZhNTJiOTYxMzhhYTBjYTIiLCJfYXV0aF91c2VyX2JhY2tlbmQiOiJkamFuZ28uY29udHJpYi5hdXRoLmJhY2tlbmRzLk1vZGVsQmFja2VuZCIsIl9hdXRoX3VzZXJfaWQiOiIyIn0=", "expire_date": "2018-08-06T19:10:23.545Z"}}, {"model": "sessions.session", "pk": "tbm1gibd5ivkiejdquss5209vbt0ay3o", "fields": {"session_data": "Y2Q1ZTkzZDE2MjY4ZWI3NGFhMTY2ZDkwOTZkOWExM2MxYzI5ODAyMDp7Il9hdXRoX3VzZXJfaGFzaCI6IjRmMWY0NTZlNDRiOTg5OTI2M2U2MDU4YjY2MTJmZjAyOGI1ZTJjYWMiLCJfYXV0aF91c2VyX2JhY2tlbmQiOiJkamFuZ28uY29udHJpYi5hdXRoLmJhY2tlbmRzLk1vZGVsQmFja2VuZCIsIl9hdXRoX3VzZXJfaWQiOiIxIn0=", "expire_date": "2018-08-06T15:35:19.770Z"}}, {"model": "sessions.session", "pk": "tnkv3gkxxzarfs4pfmag6ckf8y8ipgmr", "fields": {"session_data": "Y2Q1ZTkzZDE2MjY4ZWI3NGFhMTY2ZDkwOTZkOWExM2MxYzI5ODAyMDp7Il9hdXRoX3VzZXJfaGFzaCI6IjRmMWY0NTZlNDRiOTg5OTI2M2U2MDU4YjY2MTJmZjAyOGI1ZTJjYWMiLCJfYXV0aF91c2VyX2JhY2tlbmQiOiJkamFuZ28uY29udHJpYi5hdXRoLmJhY2tlbmRzLk1vZGVsQmFja2VuZCIsIl9hdXRoX3VzZXJfaWQiOiIxIn0=", "expire_date": "2018-08-11T19:36:53.812Z"}}, {"model": "sessions.session", "pk": "xb7wgmagjv17769q9p545rmraplt0rpu", "fields": {"session_data": "Y2Q1ZTkzZDE2MjY4ZWI3NGFhMTY2ZDkwOTZkOWExM2MxYzI5ODAyMDp7Il9hdXRoX3VzZXJfaGFzaCI6IjRmMWY0NTZlNDRiOTg5OTI2M2U2MDU4YjY2MTJmZjAyOGI1ZTJjYWMiLCJfYXV0aF91c2VyX2JhY2tlbmQiOiJkamFuZ28uY29udHJpYi5hdXRoLmJhY2tlbmRzLk1vZGVsQmFja2VuZCIsIl9hdXRoX3VzZXJfaWQiOiIxIn0=", "expire_date": "2018-08-08T15:20:23.073Z"}}, {"model": "inventory.host", "pk": 1, "fields": {"name": "PDCSC6601", "description": "", "facts": "{\"lastboot\": \"2018-07-09 20:20:13Z\", \"owner_contact\": \"\", \"domain\": \"EXYON.FBB\", \"distribution_major_version\": \"10\", \"swaptotal_mb\": 0, \"distribution_version\": \"10.0.14393.0\", \"kernel\": \"10.0.14393.0\", \"ip_addresses\": [\"192.168.50.200\", \"fe80::f85c:b25b:12eb:f7bb\"], \"system_vendor\": \"VMware, Inc.\", \"processor_cores\": 1, \"processor_count\": 2, \"os_name\": \"Microsoft Windows Server 2016 Datacenter\", \"win_rm_certificate_expires\": \"2021-07-23 09:17:47\", \"processor_vcpus\": 0.5, \"user_dir\": \"C:\\\\Users\\\\ansible\", \"user_id\": \"ansible\", \"system_description\": \"\", \"hostname\": \"PDCSC6601\", \"system\": \"Win32NT\", \"processor_threads_per_core\": 0.5, \"env\": {\"TMP\": \"C:\\\\Users\\\\ansible\\\\AppData\\\\Local\\\\Temp\", \"PSModulePath\": \"C:\\\\Users\\\\ansible\\\\Documents\\\\WindowsPowerShell\\\\Modules;C:\\\\Program Files\\\\WindowsPowerShell\\\\Modules;C:\\\\Windows\\\\system32\\\\WindowsPowerShell\\\\v1.0\\\\Modules\", \"USERDOMAIN\": \"EXYON\", \"SystemDrive\": \"C:\", \"COMPUTERNAME\": \"PDCSC6601\", \"PROCESSOR_IDENTIFIER\": \"Intel64 Family 6 Model 45 Stepping 2, GenuineIntel\", \"PROCESSOR_REVISION\": \"2d02\", \"SystemRoot\": \"C:\\\\Windows\", \"NUMBER_OF_PROCESSORS\": \"2\", \"windir\": \"C:\\\\Windows\", \"TEMP\": \"C:\\\\Users\\\\ansible\\\\AppData\\\\Local\\\\Temp\", \"ProgramData\": \"C:\\\\ProgramData\", \"CommonProgramFiles(x86)\": \"C:\\\\Program Files (x86)\\\\Common Files\", \"PROCESSOR_ARCHITECTURE\": \"AMD64\", \"ALLUSERSPROFILE\": \"C:\\\\ProgramData\", \"TELEGRAF_PC_TAG\": \"NOTSET\", \"LOCALAPPDATA\": \"C:\\\\Users\\\\ansible\\\\AppData\\\\Local\", \"Path\": \"C:\\\\Windows\\\\system32;C:\\\\Windows;C:\\\\Windows\\\\System32\\\\Wbem;C:\\\\Windows\\\\System32\\\\WindowsPowerShell\\\\v1.0\\\\;C:\\\\Program Files\\\\PuTTY\\\\;C:\\\\Users\\\\ansible\\\\AppData\\\\Local\\\\Microsoft\\\\WindowsApps\", \"ProgramFiles(x86)\": \"C:\\\\Program Files (x86)\", \"ProgramW6432\": \"C:\\\\Program Files\", \"USERNAME\": \"ansible\", \"PROMPT\": \"$P$G\", \"PSExecutionPolicyPreference\": \"Unrestricted\", \"USERDNSDOMAIN\": \"EXYON.FBB\", \"ProgramFiles\": \"C:\\\\Program Files\", \"PATHEXT\": \".COM;.EXE;.BAT;.CMD;.VBS;.VBE;.JS;.JSE;.WSF;.WSH;.MSC;.CPL\", \"CommonProgramW6432\": \"C:\\\\Program Files\\\\Common Files\", \"ComSpec\": \"C:\\\\Windows\\\\system32\\\\cmd.exe\", \"APPDATA\": \"C:\\\\Users\\\\ansible\\\\AppData\\\\Roaming\", \"TELEGRAF_LOGFILE\": \"C:\\\\Program Files\\\\InfluxData\\\\Telegraf\\\\telegraf.log\", \"CommonProgramFiles\": \"C:\\\\Program Files\\\\Common Files\", \"PROCESSOR_LEVEL\": \"6\", \"OS\": \"Windows_NT\", \"PUBLIC\": \"C:\\\\Users\\\\Public\", \"USERPROFILE\": \"C:\\\\Users\\\\ansible\"}, \"bios_version\": \"6.00\", \"uptime_seconds\": 1628080, \"product_name\": \"VMware Virtual Platform\", \"owner_name\": \"Level3\", \"powershell_version\": 5, \"nodename\": \"PDCSC6601.EXYON.FBB\", \"user_sid\": \"S-1-5-21-2373953140-4123718540-4177119993-1135\", \"interfaces\": [{\"interface_name\": \"vmxnet3 Ethernet Adapter\", \"interface_index\": 9, \"dns_domain\": null, \"default_gateway\": \"192.168.50.1\"}], \"memtotal_mb\": 8191, \"windows_domain\": \"EXYON.FBB\", \"os_family\": \"Windows\", \"module_setup\": true, \"user_gecos\": \"\", \"date_time\": {\"weekday_number\": \"6\", \"iso8601_basic_short\": \"20180728T163452\", \"tz\": \"E. South America Standard Time\", \"weeknumber\": \"29\", \"hour\": \"16\", \"time\": \"16:34:52\", \"minute\": \"34\", \"tz_offset\": \"-03:00\", \"iso8601\": \"2018-07-28T19:34:52Z\", \"epoch\": \"1532795692,34948\", \"iso8601_micro\": \"2018-07-28T19:34:52.333859Z\", \"weekday\": \"Saturday\", \"year\": \"2018\", \"date\": \"2018-07-28\", \"month\": \"07\", \"day\": \"28\", \"iso8601_basic\": \"20180728T163452333859\", \"second\": \"52\"}, \"product_serial\": \"VMware-42 1f 11 95 58 65 d0 53-b4 0f 02 c4 5c dd bc b7\", \"fqdn\": \"PDCSC6601.EXYON.FBB\", \"reboot_pending\": true, \"architecture\": \"64-bit\", \"distribution\": \"Microsoft Windows Server 2016 Datacenter\", \"machine_id\": \"S-1-5-21-2373953140-4123718540-4177119993\", \"processor\": [], \"bios_date\": \"04/13/2014\"}"}}, {"model": "inventory.host", "pk": 2, "fields": {"name": "APISC6601", "description": "null", "facts": "{\"lastboot\": \"2018-06-25 20:56:44Z\", \"owner_contact\": \"\", \"domain\": \"EXYON.FBB\", \"distribution_major_version\": \"10\", \"swaptotal_mb\": 0, \"distribution_version\": \"10.0.14393.0\", \"kernel\": \"10.0.14393.0\", \"ip_addresses\": [\"192.168.50.203\", \"fe80::e0f4:51a6:b34f:1747\"], \"system_vendor\": \"VMware, Inc.\", \"processor_cores\": 1, \"processor_count\": 4, \"owner_name\": \"Level3\", \"win_rm_certificate_expires\": \"2021-07-23 09:29:38\", \"processor_vcpus\": 0.25, \"user_dir\": \"C:\\\\Users\\\\ansible\", \"user_id\": \"ansible\", \"system_description\": \"\", \"hostname\": \"APISC6601\", \"system\": \"Win32NT\", \"processor_threads_per_core\": 0.25, \"env\": {\"TMP\": \"C:\\\\Users\\\\ansible\\\\AppData\\\\Local\\\\Temp\", \"PSModulePath\": \"C:\\\\Users\\\\ansible\\\\Documents\\\\WindowsPowerShell\\\\Modules;C:\\\\Program Files\\\\WindowsPowerShell\\\\Modules;C:\\\\Windows\\\\system32\\\\WindowsPowerShell\\\\v1.0\\\\Modules\", \"USERDOMAIN\": \"EXYON\", \"SystemDrive\": \"C:\", \"COMPUTERNAME\": \"APISC6601\", \"PROCESSOR_IDENTIFIER\": \"Intel64 Family 6 Model 45 Stepping 2, GenuineIntel\", \"PROCESSOR_REVISION\": \"2d02\", \"SystemRoot\": \"C:\\\\Windows\", \"NUMBER_OF_PROCESSORS\": \"4\", \"windir\": \"C:\\\\Windows\", \"TEMP\": \"C:\\\\Users\\\\ansible\\\\AppData\\\\Local\\\\Temp\", \"ProgramData\": \"C:\\\\ProgramData\", \"CommonProgramFiles(x86)\": \"C:\\\\Program Files (x86)\\\\Common Files\", \"PROCESSOR_ARCHITECTURE\": \"AMD64\", \"ALLUSERSPROFILE\": \"C:\\\\ProgramData\", \"TELEGRAF_PC_TAG\": \"NOTSET\", \"LOCALAPPDATA\": \"C:\\\\Users\\\\ansible\\\\AppData\\\\Local\", \"Path\": \"C:\\\\Program Files (x86)\\\\Common Files\\\\Oracle\\\\Java\\\\javapath;C:\\\\Windows\\\\system32;C:\\\\Windows;C:\\\\Windows\\\\System32\\\\Wbem;C:\\\\Windows\\\\System32\\\\WindowsPowerShell\\\\v1.0\\\\;C:\\\\Users\\\\ansible\\\\AppData\\\\Local\\\\Microsoft\\\\WindowsApps\", \"ProgramFiles(x86)\": \"C:\\\\Program Files (x86)\", \"ProgramW6432\": \"C:\\\\Program Files\", \"USERNAME\": \"ansible\", \"PROMPT\": \"$P$G\", \"PSExecutionPolicyPreference\": \"Unrestricted\", \"USERDNSDOMAIN\": \"EXYON.FBB\", \"ProgramFiles\": \"C:\\\\Program Files\", \"PATHEXT\": \".COM;.EXE;.BAT;.CMD;.VBS;.VBE;.JS;.JSE;.WSF;.WSH;.MSC;.CPL\", \"CommonProgramW6432\": \"C:\\\\Program Files\\\\Common Files\", \"ComSpec\": \"C:\\\\Windows\\\\system32\\\\cmd.exe\", \"APPDATA\": \"C:\\\\Users\\\\ansible\\\\AppData\\\\Roaming\", \"TELEGRAF_LOGFILE\": \"C:\\\\Program Files\\\\Telegraf\\\\telegraf.log\", \"CommonProgramFiles\": \"C:\\\\Program Files\\\\Common Files\", \"PROCESSOR_LEVEL\": \"6\", \"OS\": \"Windows_NT\", \"PUBLIC\": \"C:\\\\Users\\\\Public\", \"USERPROFILE\": \"C:\\\\Users\\\\ansible\"}, \"bios_version\": \"6.00\", \"uptime_seconds\": 2747627, \"product_name\": \"VMware Virtual Platform\", \"os_name\": \"Microsoft Windows Server 2016 Datacenter\", \"powershell_version\": 5, \"nodename\": \"APISC6601.EXYON.FBB\", \"user_sid\": \"S-1-5-21-2373953140-4123718540-4177119993-1135\", \"interfaces\": [{\"interface_name\": \"vmxnet3 Ethernet Adapter\", \"interface_index\": 3, \"dns_domain\": null, \"default_gateway\": \"192.168.50.1\"}], \"memtotal_mb\": 16383, \"windows_domain\": \"EXYON.FBB\", \"os_family\": \"Windows\", \"module_setup\": true, \"user_gecos\": \"\", \"date_time\": {\"weekday_number\": \"5\", \"iso8601_basic_short\": \"20180727T161030\", \"tz\": \"E. South America Standard Time\", \"weeknumber\": \"29\", \"hour\": \"16\", \"time\": \"16:10:30\", \"minute\": \"10\", \"tz_offset\": \"-03:00\", \"iso8601\": \"2018-07-27T19:10:30Z\", \"epoch\": \"1532707830,49774\", \"iso8601_micro\": \"2018-07-27T19:10:30.482118Z\", \"weekday\": \"Friday\", \"year\": \"2018\", \"date\": \"2018-07-27\", \"month\": \"07\", \"day\": \"27\", \"iso8601_basic\": \"20180727T161030482118\", \"second\": \"30\"}, \"product_serial\": \"VMware-42 1f 00 0a 22 f9 d8 85-93 dc 94 52 e6 91 e2 fe\", \"fqdn\": \"APISC6601.EXYON.FBB\", \"reboot_pending\": true, \"architecture\": \"64-bit\", \"distribution\": \"Microsoft Windows Server 2016 Datacenter\", \"machine_id\": \"S-1-5-21-2373953140-4123718540-4177119993\", \"processor\": [], \"bios_date\": \"04/13/2014\"}"}}, {"model": "inventory.host", "pk": 3, "fields": {"name": "BPOSC6601", "description": "null", "facts": "{\"lastboot\": \"2018-05-24 15:41:35Z\", \"owner_contact\": \"\", \"domain\": \"EXYON.FBB\", \"distribution_major_version\": \"10\", \"swaptotal_mb\": 0, \"distribution_version\": \"10.0.14393.0\", \"kernel\": \"10.0.14393.0\", \"ip_addresses\": [\"192.168.50.215\", \"fe80::1d28:b30a:b125:c0f8\"], \"system_vendor\": \"VMware, Inc.\", \"processor_cores\": 1, \"processor_count\": 4, \"owner_name\": \"Level3\", \"win_rm_certificate_expires\": \"2021-07-23 09:32:22\", \"processor_vcpus\": 0.25, \"user_dir\": \"C:\\\\Users\\\\ansible\", \"user_id\": \"ansible\", \"system_description\": \"BPOSC6601\", \"hostname\": \"BPOSC6601\", \"system\": \"Win32NT\", \"processor_threads_per_core\": 0.25, \"env\": {\"TMP\": \"C:\\\\Users\\\\ansible\\\\AppData\\\\Local\\\\Temp\", \"PSModulePath\": \"C:\\\\Users\\\\ansible\\\\Documents\\\\WindowsPowerShell\\\\Modules;C:\\\\Program Files\\\\WindowsPowerShell\\\\Modules;C:\\\\Windows\\\\system32\\\\WindowsPowerShell\\\\v1.0\\\\Modules\", \"USERDOMAIN\": \"EXYON\", \"SystemDrive\": \"C:\", \"COMPUTERNAME\": \"BPOSC6601\", \"PROCESSOR_IDENTIFIER\": \"Intel64 Family 6 Model 45 Stepping 2, GenuineIntel\", \"PROCESSOR_REVISION\": \"2d02\", \"SystemRoot\": \"C:\\\\Windows\", \"NUMBER_OF_PROCESSORS\": \"4\", \"windir\": \"C:\\\\Windows\", \"TEMP\": \"C:\\\\Users\\\\ansible\\\\AppData\\\\Local\\\\Temp\", \"ProgramData\": \"C:\\\\ProgramData\", \"CommonProgramFiles(x86)\": \"C:\\\\Program Files (x86)\\\\Common Files\", \"PROCESSOR_ARCHITECTURE\": \"AMD64\", \"ALLUSERSPROFILE\": \"C:\\\\ProgramData\", \"TELEGRAF_PC_TAG\": \"NOTSET\", \"LOCALAPPDATA\": \"C:\\\\Users\\\\ansible\\\\AppData\\\\Local\", \"Path\": \"C:\\\\Windows\\\\system32;C:\\\\Windows;C:\\\\Windows\\\\System32\\\\Wbem;C:\\\\Windows\\\\System32\\\\WindowsPowerShell\\\\v1.0\\\\;C:\\\\Users\\\\ansible\\\\AppData\\\\Local\\\\Microsoft\\\\WindowsApps\", \"ProgramFiles(x86)\": \"C:\\\\Program Files (x86)\", \"ProgramW6432\": \"C:\\\\Program Files\", \"USERNAME\": \"ansible\", \"PROMPT\": \"$P$G\", \"PSExecutionPolicyPreference\": \"Unrestricted\", \"USERDNSDOMAIN\": \"EXYON.FBB\", \"ProgramFiles\": \"C:\\\\Program Files\", \"PATHEXT\": \".COM;.EXE;.BAT;.CMD;.VBS;.VBE;.JS;.JSE;.WSF;.WSH;.MSC;.CPL\", \"CommonProgramW6432\": \"C:\\\\Program Files\\\\Common Files\", \"ComSpec\": \"C:\\\\Windows\\\\system32\\\\cmd.exe\", \"APPDATA\": \"C:\\\\Users\\\\ansible\\\\AppData\\\\Roaming\", \"TELEGRAF_LOGFILE\": \"C:\\\\Program Files\\\\Telegraf\\\\telegraf.log\", \"CommonProgramFiles\": \"C:\\\\Program Files\\\\Common Files\", \"PROCESSOR_LEVEL\": \"6\", \"OS\": \"Windows_NT\", \"PUBLIC\": \"C:\\\\Users\\\\Public\", \"USERPROFILE\": \"C:\\\\Users\\\\ansible\"}, \"bios_version\": \"6.00\", \"uptime_seconds\": 5531334, \"product_name\": \"VMware Virtual Platform\", \"os_name\": \"Microsoft Windows Server 2016 Datacenter\", \"powershell_version\": 5, \"nodename\": \"BPOSC6601.EXYON.FBB\", \"user_sid\": \"S-1-5-21-2373953140-4123718540-4177119993-1135\", \"interfaces\": [{\"interface_name\": \"vmxnet3 Ethernet Adapter\", \"interface_index\": 5, \"dns_domain\": null, \"default_gateway\": \"192.168.50.1\"}], \"memtotal_mb\": 16383, \"windows_domain\": \"EXYON.FBB\", \"os_family\": \"Windows\", \"module_setup\": true, \"user_gecos\": \"\", \"date_time\": {\"weekday_number\": \"5\", \"iso8601_basic_short\": \"20180727T161029\", \"tz\": \"E. South America Standard Time\", \"weeknumber\": \"29\", \"hour\": \"16\", \"time\": \"16:10:29\", \"minute\": \"10\", \"tz_offset\": \"-03:00\", \"iso8601\": \"2018-07-27T19:10:29Z\", \"epoch\": \"1532707829.66427\", \"iso8601_micro\": \"2018-07-27T19:10:29.648637Z\", \"weekday\": \"Friday\", \"year\": \"2018\", \"date\": \"2018-07-27\", \"month\": \"07\", \"day\": \"27\", \"iso8601_basic\": \"20180727T161029648637\", \"second\": \"29\"}, \"product_serial\": \"VMware-42 1f 7b 7a 27 75 1e 68-69 12 76 8b 7b 0a 57 0a\", \"fqdn\": \"BPOSC6601.EXYON.FBB\", \"reboot_pending\": true, \"architecture\": \"64-bit\", \"distribution\": \"Microsoft Windows Server 2016 Datacenter\", \"machine_id\": \"S-1-5-21-2373953140-4123718540-4177119993\", \"processor\": [], \"bios_date\": \"04/13/2014\"}"}}, {"model": "inventory.host", "pk": 4, "fields": {"name": "SQLSC6601", "description": "null", "facts": "{\"lastboot\": \"2018-05-19 17:41:01Z\", \"owner_contact\": \"\", \"domain\": \"EXYON.FBB\", \"distribution_major_version\": \"10\", \"swaptotal_mb\": 0, \"distribution_version\": \"10.0.14393.0\", \"kernel\": \"10.0.14393.0\", \"ip_addresses\": [\"192.168.50.201\", \"fe80::b1ee:8e48:8da8:5ead\"], \"system_vendor\": \"VMware, Inc.\", \"processor_cores\": 1, \"processor_count\": 12, \"owner_name\": \"Level3\", \"win_rm_certificate_expires\": \"2021-07-23 09:33:48\", \"processor_vcpus\": 0.08333333333333333, \"user_dir\": \"C:\\\\Users\\\\ansible\", \"user_id\": \"ansible\", \"system_description\": \"\", \"hostname\": \"SQLSC6601\", \"system\": \"Win32NT\", \"processor_threads_per_core\": 0.08333333333333333, \"env\": {\"TMP\": \"C:\\\\Users\\\\ansible\\\\AppData\\\\Local\\\\Temp\", \"PSModulePath\": \"C:\\\\Users\\\\ansible\\\\Documents\\\\WindowsPowerShell\\\\Modules;C:\\\\Program Files\\\\WindowsPowerShell\\\\Modules;C:\\\\Windows\\\\system32\\\\WindowsPowerShell\\\\v1.0\\\\Modules;C:\\\\Program Files (x86)\\\\Microsoft SQL Server\\\\130\\\\Tools\\\\PowerShell\\\\Modules\", \"USERDOMAIN\": \"EXYON\", \"SystemDrive\": \"C:\", \"COMPUTERNAME\": \"SQLSC6601\", \"PROCESSOR_IDENTIFIER\": \"Intel64 Family 6 Model 45 Stepping 2, GenuineIntel\", \"PROCESSOR_REVISION\": \"2d02\", \"SystemRoot\": \"C:\\\\Windows\", \"NUMBER_OF_PROCESSORS\": \"12\", \"windir\": \"C:\\\\Windows\", \"TEMP\": \"C:\\\\Users\\\\ansible\\\\AppData\\\\Local\\\\Temp\", \"ProgramData\": \"C:\\\\ProgramData\", \"CommonProgramFiles(x86)\": \"C:\\\\Program Files (x86)\\\\Common Files\", \"PROCESSOR_ARCHITECTURE\": \"AMD64\", \"ALLUSERSPROFILE\": \"C:\\\\ProgramData\", \"TELEGRAF_PC_TAG\": \"NOTSET\", \"LOCALAPPDATA\": \"C:\\\\Users\\\\ansible\\\\AppData\\\\Local\", \"Path\": \"C:\\\\Windows\\\\system32;C:\\\\Windows;C:\\\\Windows\\\\System32\\\\Wbem;C:\\\\Windows\\\\System32\\\\WindowsPowerShell\\\\v1.0\\\\;C:\\\\Program Files (x86)\\\\Microsoft SQL Server\\\\130\\\\Tools\\\\Binn\\\\;D:\\\\Program Files\\\\Microsoft SQL Server\\\\130\\\\Tools\\\\Binn\\\\;C:\\\\Program Files (x86)\\\\Microsoft SQL Server\\\\130\\\\DTS\\\\Binn\\\\;D:\\\\Program Files\\\\Microsoft SQL Server\\\\130\\\\DTS\\\\Binn\\\\;D:\\\\Program Files\\\\Microsoft SQL Server\\\\Client SDK\\\\ODBC\\\\130\\\\Tools\\\\Binn\\\\;C:\\\\Program Files (x86)\\\\Microsoft SQL Server\\\\Client SDK\\\\ODBC\\\\130\\\\Tools\\\\Binn\\\\;C:\\\\Program Files (x86)\\\\Microsoft SQL Server\\\\130\\\\Tools\\\\Binn\\\\ManagementStudio\\\\;C:\\\\Users\\\\ansible\\\\AppData\\\\Local\\\\Microsoft\\\\WindowsApps\", \"ProgramFiles(x86)\": \"C:\\\\Program Files (x86)\", \"ProgramW6432\": \"C:\\\\Program Files\", \"USERNAME\": \"ansible\", \"PROMPT\": \"$P$G\", \"PSExecutionPolicyPreference\": \"Unrestricted\", \"USERDNSDOMAIN\": \"EXYON.FBB\", \"ProgramFiles\": \"C:\\\\Program Files\", \"PATHEXT\": \".COM;.EXE;.BAT;.CMD;.VBS;.VBE;.JS;.JSE;.WSF;.WSH;.MSC;.CPL\", \"CommonProgramW6432\": \"C:\\\\Program Files\\\\Common Files\", \"ComSpec\": \"C:\\\\Windows\\\\system32\\\\cmd.exe\", \"APPDATA\": \"C:\\\\Users\\\\ansible\\\\AppData\\\\Roaming\", \"TELEGRAF_LOGFILE\": \"C:\\\\Program Files\\\\Telegraf\\\\telegraf.log\", \"CommonProgramFiles\": \"C:\\\\Program Files\\\\Common Files\", \"PROCESSOR_LEVEL\": \"6\", \"OS\": \"Windows_NT\", \"PUBLIC\": \"C:\\\\Users\\\\Public\", \"USERPROFILE\": \"C:\\\\Users\\\\ansible\"}, \"bios_version\": \"6.00\", \"uptime_seconds\": 5956177, \"product_name\": \"VMware Virtual Platform\", \"os_name\": \"Microsoft Windows Server 2016 Datacenter\", \"powershell_version\": 5, \"nodename\": \"SQLSC6601.EXYON.FBB\", \"user_sid\": \"S-1-5-21-2373953140-4123718540-4177119993-1135\", \"interfaces\": [{\"interface_name\": \"vmxnet3 Ethernet Adapter\", \"interface_index\": 4, \"dns_domain\": null, \"default_gateway\": \"192.168.50.1\"}], \"memtotal_mb\": 131071, \"windows_domain\": \"EXYON.FBB\", \"os_family\": \"Windows\", \"module_setup\": true, \"user_gecos\": \"\", \"date_time\": {\"weekday_number\": \"5\", \"iso8601_basic_short\": \"20180727T161037\", \"tz\": \"E. South America Standard Time\", \"weeknumber\": \"29\", \"hour\": \"16\", \"time\": \"16:10:37\", \"minute\": \"10\", \"tz_offset\": \"-03:00\", \"iso8601\": \"2018-07-27T19:10:37Z\", \"epoch\": \"1532707837,68229\", \"iso8601_micro\": \"2018-07-27T19:10:37.666672Z\", \"weekday\": \"Friday\", \"year\": \"2018\", \"date\": \"2018-07-27\", \"month\": \"07\", \"day\": \"27\", \"iso8601_basic\": \"20180727T161037666672\", \"second\": \"37\"}, \"product_serial\": \"VMware-42 1f 14 c6 d7 f6 dd 00-3e 52 7c 4a ce 31 dd 9f\", \"fqdn\": \"SQLSC6601.EXYON.FBB\", \"reboot_pending\": true, \"architecture\": \"64-bit\", \"distribution\": \"Microsoft Windows Server 2016 Datacenter\", \"machine_id\": \"S-1-5-21-2373953140-4123718540-4177119993\", \"processor\": [], \"bios_date\": \"04/13/2014\"}"}}, {"model": "inventory.host", "pk": 5, "fields": {"name": "WEBSC6601", "description": "null", "facts": "{\"lastboot\": \"2018-05-19 19:00:35Z\", \"owner_contact\": \"\", \"domain\": \"EXYON.FBB\", \"distribution_major_version\": \"10\", \"swaptotal_mb\": 0, \"distribution_version\": \"10.0.14393.0\", \"kernel\": \"10.0.14393.0\", \"ip_addresses\": [\"192.168.50.205\", \"fe80::e8ed:9752:4c69:eeb0\"], \"system_vendor\": \"VMware, Inc.\", \"processor_cores\": 1, \"processor_count\": 4, \"owner_name\": \"Level3\", \"win_rm_certificate_expires\": \"2021-07-23 09:35:08\", \"processor_vcpus\": 0.25, \"user_dir\": \"C:\\\\Users\\\\ansible\", \"user_id\": \"ansible\", \"system_description\": \"\", \"hostname\": \"WEBSC6601\", \"system\": \"Win32NT\", \"processor_threads_per_core\": 0.25, \"env\": {\"TMP\": \"C:\\\\Users\\\\ansible\\\\AppData\\\\Local\\\\Temp\", \"PSModulePath\": \"C:\\\\Users\\\\ansible\\\\Documents\\\\WindowsPowerShell\\\\Modules;C:\\\\Program Files\\\\WindowsPowerShell\\\\Modules;C:\\\\Windows\\\\system32\\\\WindowsPowerShell\\\\v1.0\\\\Modules\", \"USERDOMAIN\": \"EXYON\", \"SystemDrive\": \"C:\", \"COMPUTERNAME\": \"WEBSC6601\", \"PROCESSOR_IDENTIFIER\": \"Intel64 Family 6 Model 45 Stepping 2, GenuineIntel\", \"PROCESSOR_REVISION\": \"2d02\", \"SystemRoot\": \"C:\\\\Windows\", \"NUMBER_OF_PROCESSORS\": \"4\", \"windir\": \"C:\\\\Windows\", \"TEMP\": \"C:\\\\Users\\\\ansible\\\\AppData\\\\Local\\\\Temp\", \"ProgramData\": \"C:\\\\ProgramData\", \"CommonProgramFiles(x86)\": \"C:\\\\Program Files (x86)\\\\Common Files\", \"PROCESSOR_ARCHITECTURE\": \"AMD64\", \"ALLUSERSPROFILE\": \"C:\\\\ProgramData\", \"TELEGRAF_PC_TAG\": \"NOTSET\", \"LOCALAPPDATA\": \"C:\\\\Users\\\\ansible\\\\AppData\\\\Local\", \"Path\": \"C:\\\\Windows\\\\system32;C:\\\\Windows;C:\\\\Windows\\\\System32\\\\Wbem;C:\\\\Windows\\\\System32\\\\WindowsPowerShell\\\\v1.0\\\\;C:\\\\Users\\\\ansible\\\\AppData\\\\Local\\\\Microsoft\\\\WindowsApps\", \"ProgramFiles(x86)\": \"C:\\\\Program Files (x86)\", \"ProgramW6432\": \"C:\\\\Program Files\", \"USERNAME\": \"ansible\", \"PROMPT\": \"$P$G\", \"PSExecutionPolicyPreference\": \"Unrestricted\", \"USERDNSDOMAIN\": \"EXYON.FBB\", \"ProgramFiles\": \"C:\\\\Program Files\", \"PATHEXT\": \".COM;.EXE;.BAT;.CMD;.VBS;.VBE;.JS;.JSE;.WSF;.WSH;.MSC;.CPL\", \"CommonProgramW6432\": \"C:\\\\Program Files\\\\Common Files\", \"ComSpec\": \"C:\\\\Windows\\\\system32\\\\cmd.exe\", \"APPDATA\": \"C:\\\\Users\\\\ansible\\\\AppData\\\\Roaming\", \"TELEGRAF_LOGFILE\": \"C:\\\\Program Files\\\\Telegraf\\\\telegraf.log\", \"CommonProgramFiles\": \"C:\\\\Program Files\\\\Common Files\", \"PROCESSOR_LEVEL\": \"6\", \"OS\": \"Windows_NT\", \"PUBLIC\": \"C:\\\\Users\\\\Public\", \"USERPROFILE\": \"C:\\\\Users\\\\ansible\"}, \"bios_version\": \"6.00\", \"uptime_seconds\": 5951396, \"product_name\": \"VMware Virtual Platform\", \"os_name\": \"Microsoft Windows Server 2016 Datacenter\", \"powershell_version\": 5, \"nodename\": \"WEBSC6601.EXYON.FBB\", \"user_sid\": \"S-1-5-21-2373953140-4123718540-4177119993-1135\", \"interfaces\": [{\"interface_name\": \"vmxnet3 Ethernet Adapter\", \"interface_index\": 5, \"dns_domain\": null, \"default_gateway\": \"192.168.50.1\"}], \"memtotal_mb\": 16383, \"windows_domain\": \"EXYON.FBB\", \"os_family\": \"Windows\", \"module_setup\": true, \"user_gecos\": \"\", \"date_time\": {\"weekday_number\": \"5\", \"iso8601_basic_short\": \"20180727T161030\", \"tz\": \"E. South America Standard Time\", \"weeknumber\": \"29\", \"hour\": \"16\", \"time\": \"16:10:30\", \"minute\": \"10\", \"tz_offset\": \"-03:00\", \"iso8601\": \"2018-07-27T19:10:30Z\", \"epoch\": \"1532707830,20834\", \"iso8601_micro\": \"2018-07-27T19:10:30.192712Z\", \"weekday\": \"Friday\", \"year\": \"2018\", \"date\": \"2018-07-27\", \"month\": \"07\", \"day\": \"27\", \"iso8601_basic\": \"20180727T161030192712\", \"second\": \"30\"}, \"product_serial\": \"VMware-42 1f ec c2 1c d0 8b 0b-ee 27 45 20 53 d5 2d 99\", \"fqdn\": \"WEBSC6601.EXYON.FBB\", \"reboot_pending\": true, \"architecture\": \"64-bit\", \"distribution\": \"Microsoft Windows Server 2016 Datacenter\", \"machine_id\": \"S-1-5-21-2373953140-4123718540-4177119993\", \"processor\": [], \"bios_date\": \"04/13/2014\"}"}}, {"model": "inventory.host", "pk": 6, "fields": {"name": "WEBSC6602", "description": "null", "facts": "{\"lastboot\": \"2018-05-20 18:02:19Z\", \"owner_contact\": \"\", \"domain\": \"EXYON.FBB\", \"distribution_major_version\": \"10\", \"swaptotal_mb\": 0, \"distribution_version\": \"10.0.14393.0\", \"kernel\": \"10.0.14393.0\", \"ip_addresses\": [\"192.168.50.204\", \"fe80::4c86:5d73:e947:f5de\"], \"system_vendor\": \"VMware, Inc.\", \"processor_cores\": 1, \"processor_count\": 4, \"os_name\": \"Microsoft Windows Server 2016 Datacenter\", \"win_rm_certificate_expires\": \"2021-07-23 09:36:54\", \"processor_vcpus\": 0.25, \"user_dir\": \"C:\\\\Users\\\\ansible\", \"user_id\": \"ansible\", \"system_description\": \"\", \"hostname\": \"WEBSC6602\", \"system\": \"Win32NT\", \"processor_threads_per_core\": 0.25, \"env\": {\"TMP\": \"C:\\\\Users\\\\ansible\\\\AppData\\\\Local\\\\Temp\", \"PSModulePath\": \"C:\\\\Users\\\\ansible\\\\Documents\\\\WindowsPowerShell\\\\Modules;C:\\\\Program Files\\\\WindowsPowerShell\\\\Modules;C:\\\\Windows\\\\system32\\\\WindowsPowerShell\\\\v1.0\\\\Modules\", \"USERDOMAIN\": \"EXYON\", \"SystemDrive\": \"C:\", \"COMPUTERNAME\": \"WEBSC6602\", \"PROCESSOR_IDENTIFIER\": \"Intel64 Family 6 Model 45 Stepping 2, GenuineIntel\", \"PROCESSOR_REVISION\": \"2d02\", \"SystemRoot\": \"C:\\\\Windows\", \"NUMBER_OF_PROCESSORS\": \"4\", \"windir\": \"C:\\\\Windows\", \"TEMP\": \"C:\\\\Users\\\\ansible\\\\AppData\\\\Local\\\\Temp\", \"ProgramData\": \"C:\\\\ProgramData\", \"CommonProgramFiles(x86)\": \"C:\\\\Program Files (x86)\\\\Common Files\", \"PROCESSOR_ARCHITECTURE\": \"AMD64\", \"ALLUSERSPROFILE\": \"C:\\\\ProgramData\", \"TELEGRAF_PC_TAG\": \"NOTSET\", \"LOCALAPPDATA\": \"C:\\\\Users\\\\ansible\\\\AppData\\\\Local\", \"Path\": \"C:\\\\Windows\\\\system32;C:\\\\Windows;C:\\\\Windows\\\\System32\\\\Wbem;C:\\\\Windows\\\\System32\\\\WindowsPowerShell\\\\v1.0\\\\;C:\\\\Users\\\\ansible\\\\AppData\\\\Local\\\\Microsoft\\\\WindowsApps\", \"ProgramFiles(x86)\": \"C:\\\\Program Files (x86)\", \"ProgramW6432\": \"C:\\\\Program Files\", \"USERNAME\": \"ansible\", \"PROMPT\": \"$P$G\", \"PSExecutionPolicyPreference\": \"Unrestricted\", \"USERDNSDOMAIN\": \"EXYON.FBB\", \"ProgramFiles\": \"C:\\\\Program Files\", \"PATHEXT\": \".COM;.EXE;.BAT;.CMD;.VBS;.VBE;.JS;.JSE;.WSF;.WSH;.MSC;.CPL\", \"CommonProgramW6432\": \"C:\\\\Program Files\\\\Common Files\", \"ComSpec\": \"C:\\\\Windows\\\\system32\\\\cmd.exe\", \"APPDATA\": \"C:\\\\Users\\\\ansible\\\\AppData\\\\Roaming\", \"TELEGRAF_LOGFILE\": \"C:\\\\Program Files\\\\Telegraf\\\\telegraf.log\", \"CommonProgramFiles\": \"C:\\\\Program Files\\\\Common Files\", \"PROCESSOR_LEVEL\": \"6\", \"OS\": \"Windows_NT\", \"PUBLIC\": \"C:\\\\Users\\\\Public\", \"USERPROFILE\": \"C:\\\\Users\\\\ansible\"}, \"bios_version\": \"6.00\", \"uptime_seconds\": 5868501, \"product_name\": \"VMware Virtual Platform\", \"owner_name\": \"Level3\", \"powershell_version\": 5, \"nodename\": \"WEBSC6602.EXYON.FBB\", \"user_sid\": \"S-1-5-21-2373953140-4123718540-4177119993-1135\", \"interfaces\": [{\"interface_name\": \"vmxnet3 Ethernet Adapter\", \"interface_index\": 4, \"dns_domain\": null, \"default_gateway\": \"192.168.50.1\"}], \"memtotal_mb\": 16395, \"windows_domain\": \"EXYON.FBB\", \"os_family\": \"Windows\", \"module_setup\": true, \"user_gecos\": \"\", \"date_time\": {\"weekday_number\": \"5\", \"iso8601_basic_short\": \"20180727T161039\", \"tz\": \"E. South America Standard Time\", \"weeknumber\": \"29\", \"hour\": \"16\", \"time\": \"16:10:39\", \"minute\": \"10\", \"tz_offset\": \"-03:00\", \"iso8601\": \"2018-07-27T19:10:39Z\", \"epoch\": \"1532707839,62763\", \"iso8601_micro\": \"2018-07-27T19:10:39.612007Z\", \"weekday\": \"Friday\", \"year\": \"2018\", \"date\": \"2018-07-27\", \"month\": \"07\", \"day\": \"27\", \"iso8601_basic\": \"20180727T161039612007\", \"second\": \"39\"}, \"product_serial\": \"VMware-42 1f f7 cc aa ca a6 dc-77 9b 7e 52 0e 6f 7b 64\", \"fqdn\": \"WEBSC6602.EXYON.FBB\", \"reboot_pending\": true, \"architecture\": \"64-bit\", \"distribution\": \"Microsoft Windows Server 2016 Datacenter\", \"machine_id\": \"S-1-5-21-2373953140-4123718540-4177119993\", \"processor\": [], \"bios_date\": \"04/13/2014\"}"}}, {"model": "inventory.group", "pk": 1, "fields": {"name": "all", "description": "", "children": [], "members": []}}, {"model": "inventory.group", "pk": 2, "fields": {"name": "exyon.fbb", "description": "Dominio exyon.fbb", "children": [], "members": [1, 2, 3, 4, 5, 6]}}, {"model": "inventory.group", "pk": 3, "fields": {"name": "windows_hosts", "description": "", "children": [], "members": [1, 2, 3, 4, 5, 6]}}, {"model": "inventory.group", "pk": 4, "fields": {"name": "telegraf", "description": "null", "children": [], "members": [1, 2, 3, 4, 5, 6]}}, {"model": "inventory.variable", "pk": 1, "fields": {"key": "ansible_user", "value": "ansible", "host": null, "group": 2}}, {"model": "inventory.variable", "pk": 2, "fields": {"key": "ansible_password", "value": "nQ9MypeFZn", "host": null, "group": 2}}, {"model": "inventory.variable", "pk": 3, "fields": {"key": "ansible_connection", "value": "winrm", "host": null, "group": 3}}, {"model": "inventory.variable", "pk": 4, "fields": {"key": "ansible_winrm_server_cert_validation", "value": "ignore", "host": null, "group": 3}}, {"model": "inventory.variable", "pk": 5, "fields": {"key": "ansible_host", "value": "192.168.50.200", "host": 1, "group": null}}, {"model": "inventory.variable", "pk": 6, "fields": {"key": "ansible_host", "value": "192.168.50.203", "host": 2, "group": null}}, {"model": "inventory.variable", "pk": 7, "fields": {"key": "ansible_host", "value": "192.168.50.215", "host": 3, "group": null}}, {"model": "inventory.variable", "pk": 8, "fields": {"key": "ansible_host", "value": "192.168.50.201", "host": 4, "group": null}}, {"model": "inventory.variable", "pk": 9, "fields": {"key": "ansible_host", "value": "192.168.50.205", "host": 5, "group": null}}, {"model": "inventory.variable", "pk": 10, "fields": {"key": "ansible_host", "value": "192.168.50.204", "host": 6, "group": null}}, {"model": "inventory.variable", "pk": 11, "fields": {"key": "ansible_winrm_transport", "value": "credssp", "host": null, "group": 3}}, {"model": "inventory.variable", "pk": 12, "fields": {"key": "influxdb_server", "value": "10.24.0.2", "host": null, "group": 4}}, {"model": "runner.play", "pk": 1, "fields": {"job": 1, "name": "Test win_psexec", "hosts": "windows_hosts", "become": false, "gather_facts": false, "message": null}}, {"model": "runner.play", "pk": 2, "fields": {"job": 2, "name": "Test win_psexec", "hosts": "windows_hosts", "become": false, "gather_facts": false, "message": null}}, {"model": "runner.play", "pk": 3, "fields": {"job": 3, "name": "AdHoc task", "hosts": "all", "become": false, "gather_facts": false, "message": null}}, {"model": "runner.play", "pk": 4, "fields": {"job": 4, "name": "Test win_psexec", "hosts": "windows_hosts", "become": false, "gather_facts": false, "message": null}}, {"model": "runner.play", "pk": 5, "fields": {"job": 5, "name": "Test win_psexec", "hosts": "windows_hosts", "become": false, "gather_facts": false, "message": null}}, {"model": "runner.play", "pk": 6, "fields": {"job": 6, "name": "Test win_psexec", "hosts": "windows_hosts", "become": false, "gather_facts": false, "message": "No hosts matched"}}, {"model": "runner.play", "pk": 7, "fields": {"job": 7, "name": "Test win_psexec", "hosts": "windows_hosts", "become": false, "gather_facts": false, "message": null}}, {"model": "runner.play", "pk": 8, "fields": {"job": 8, "name": "Test win_psexec", "hosts": "windows_hosts", "become": false, "gather_facts": false, "message": "No hosts matched"}}, {"model": "runner.play", "pk": 9, "fields": {"job": 9, "name": "Test win_psexec", "hosts": "windows_hosts", "become": false, "gather_facts": false, "message": null}}, {"model": "runner.play", "pk": 10, "fields": {"job": 10, "name": "Gather facts", "hosts": "all", "become": false, "gather_facts": false, "message": null}}, {"model": "runner.play", "pk": 11, "fields": {"job": 13, "name": "Deploy Telegraf Agent", "hosts": "all", "become": true, "gather_facts": true, "message": null}}, {"model": "runner.play", "pk": 12, "fields": {"job": 14, "name": "Deploy Telegraf Agent", "hosts": "all", "become": false, "gather_facts": true, "message": null}}, {"model": "runner.play", "pk": 13, "fields": {"job": 15, "name": "Deploy Telegraf Agent", "hosts": "all", "become": false, "gather_facts": true, "message": null}}, {"model": "runner.play", "pk": 14, "fields": {"job": 16, "name": "Deploy Telegraf Agent", "hosts": "all", "become": false, "gather_facts": true, "message": null}}, {"model": "runner.play", "pk": 15, "fields": {"job": 17, "name": "Deploy Telegraf Agent", "hosts": "all", "become": false, "gather_facts": true, "message": null}}, {"model": "runner.play", "pk": 16, "fields": {"job": 18, "name": "Deploy Telegraf Agent", "hosts": "all", "become": false, "gather_facts": true, "message": null}}, {"model": "runner.play", "pk": 17, "fields": {"job": 19, "name": "Deploy Telegraf Agent", "hosts": "all", "become": false, "gather_facts": true, "message": null}}, {"model": "runner.play", "pk": 18, "fields": {"job": 20, "name": "Deploy Telegraf Agent", "hosts": "all", "become": false, "gather_facts": true, "message": null}}, {"model": "runner.play", "pk": 19, "fields": {"job": 21, "name": "Deploy Telegraf Agent", "hosts": "all", "become": false, "gather_facts": true, "message": null}}, {"model": "runner.task", "pk": 1, "fields": {"play": 1, "name": "Test win_psexec", "module": "win_psexec", "is_handler": false, "is_running": false}}, {"model": "runner.task", "pk": 2, "fields": {"play": 2, "name": "Test win_psexec", "module": "win_ping", "is_handler": false, "is_running": false}}, {"model": "runner.task", "pk": 3, "fields": {"play": 3, "name": "win_ping", "module": "win_ping", "is_handler": false, "is_running": true}}, {"model": "runner.task", "pk": 4, "fields": {"play": 4, "name": "Test win_psexec", "module": "win_ping", "is_handler": false, "is_running": false}}, {"model": "runner.task", "pk": 5, "fields": {"play": 5, "name": "Test win_psexec", "module": "win_ping", "is_handler": false, "is_running": false}}, {"model": "runner.task", "pk": 6, "fields": {"play": 7, "name": "Test win_psexec", "module": "win_ping", "is_handler": false, "is_running": false}}, {"model": "runner.task", "pk": 7, "fields": {"play": 9, "name": "Test win_psexec", "module": "win_ping", "is_handler": false, "is_running": false}}, {"model": "runner.task", "pk": 8, "fields": {"play": 10, "name": "setup", "module": "setup", "is_handler": false, "is_running": false}}, {"model": "runner.task", "pk": 9, "fields": {"play": 10, "name": "ec2_facts", "module": "ec2_facts", "is_handler": false, "is_running": true}}, {"model": "runner.task", "pk": 10, "fields": {"play": 11, "name": "Gather facts", "module": "setup", "is_handler": false, "is_running": false}}, {"model": "runner.task", "pk": 11, "fields": {"play": 12, "name": "Gather facts", "module": "setup", "is_handler": false, "is_running": false}}, {"model": "runner.task", "pk": 12, "fields": {"play": 12, "name": "telegraf : debug", "module": "debug", "is_handler": false, "is_running": false}}, {"model": "runner.task", "pk": 13, "fields": {"play": 13, "name": "Gather facts", "module": "setup", "is_handler": false, "is_running": false}}, {"model": "runner.task", "pk": 14, "fields": {"play": 13, "name": "telegraf : debug", "module": "debug", "is_handler": false, "is_running": false}}, {"model": "runner.task", "pk": 15, "fields": {"play": 14, "name": "Gather facts", "module": "setup", "is_handler": false, "is_running": false}}, {"model": "runner.task", "pk": 16, "fields": {"play": 14, "name": "telegraf : debug", "module": "debug", "is_handler": false, "is_running": false}}, {"model": "runner.task", "pk": 17, "fields": {"play": 15, "name": "Gather facts", "module": "setup", "is_handler": false, "is_running": true}}, {"model": "runner.task", "pk": 18, "fields": {"play": 16, "name": "Gather facts", "module": "setup", "is_handler": false, "is_running": false}}, {"model": "runner.task", "pk": 19, "fields": {"play": 16, "name": "telegraf : debug", "module": "debug", "is_handler": false, "is_running": false}}, {"model": "runner.task", "pk": 20, "fields": {"play": 17, "name": "Gather facts", "module": "setup", "is_handler": false, "is_running": false}}, {"model": "runner.task", "pk": 21, "fields": {"play": 17, "name": "telegraf : Copy telegraf config", "module": "win_template", "is_handler": false, "is_running": false}}, {"model": "runner.task", "pk": 22, "fields": {"play": 18, "name": "Gather facts", "module": "setup", "is_handler": false, "is_running": false}}, {"model": "runner.task", "pk": 23, "fields": {"play": 18, "name": "telegraf : Copy telegraf config", "module": "win_template", "is_handler": false, "is_running": false}}, {"model": "runner.task", "pk": 24, "fields": {"play": 19, "name": "Gather facts", "module": "setup", "is_handler": false, "is_running": false}}, {"model": "runner.task", "pk": 25, "fields": {"play": 19, "name": "telegraf : Copy telegraf config", "module": "win_template", "is_handler": false, "is_running": false}}, {"model": "runner.result", "pk": 1, "fields": {"task": 1, "host": "PDCSC6601", "status": "unreachable", "message": "\"ssl: HTTPSConnectionPool(host='192.168.50.200', port=5986): Max retries exceeded with url: /wsman (Caused by NewConnectionError('<requests.packages.urllib3.connection.VerifiedHTTPSConnection object at 0x7f24cb862150>: Failed to establish a new connection: [Errno 111] Connection refused',))\"", "response": "{\"msg\": \"ssl: HTTPSConnectionPool(host='192.168.50.200', port=5986): Max retries exceeded with url: /wsman (Caused by NewConnectionError('<requests.packages.urllib3.connection.VerifiedHTTPSConnection object at 0x7f24cb862150>: Failed to establish a new connection: [Errno 111] Connection refused',))\", \"unreachable\": true, \"changed\": false}"}}, {"model": "runner.result", "pk": 2, "fields": {"task": 2, "host": "PDCSC6601", "status": "ok", "message": null, "response": "{\"_ansible_parsed\": true, \"changed\": false, \"ping\": \"pong\", \"_ansible_no_log\": false}"}}, {"model": "runner.result", "pk": 3, "fields": {"task": 3, "host": "PDCSC6601", "status": "ok", "message": null, "response": "{\"_ansible_parsed\": true, \"changed\": false, \"ping\": \"pong\", \"_ansible_no_log\": false}"}}, {"model": "runner.result", "pk": 4, "fields": {"task": 4, "host": "PDCSC6601", "status": "ok", "message": null, "response": "{\"_ansible_parsed\": true, \"changed\": false, \"ping\": \"pong\", \"_ansible_no_log\": false}"}}, {"model": "runner.result", "pk": 5, "fields": {"task": 5, "host": "BPOSC6601", "status": "unreachable", "message": "\"ssl: the specified credentials were rejected by the server\"", "response": "{\"msg\": \"ssl: the specified credentials were rejected by the server\", \"unreachable\": true, \"changed\": false}"}}, {"model": "runner.result", "pk": 6, "fields": {"task": 5, "host": "APISC6601", "status": "unreachable", "message": "\"ssl: the specified credentials were rejected by the server\"", "response": "{\"msg\": \"ssl: the specified credentials were rejected by the server\", \"unreachable\": true, \"changed\": false}"}}, {"model": "runner.result", "pk": 7, "fields": {"task": 5, "host": "WEBSC6601", "status": "unreachable", "message": "\"ssl: the specified credentials were rejected by the server\"", "response": "{\"msg\": \"ssl: the specified credentials were rejected by the server\", \"unreachable\": true, \"changed\": false}"}}, {"model": "runner.result", "pk": 8, "fields": {"task": 5, "host": "SQLSC6601", "status": "unreachable", "message": "\"ssl: the specified credentials were rejected by the server\"", "response": "{\"msg\": \"ssl: the specified credentials were rejected by the server\", \"unreachable\": true, \"changed\": false}"}}, {"model": "runner.result", "pk": 9, "fields": {"task": 5, "host": "WEBSC6602", "status": "unreachable", "message": "\"ssl: the specified credentials were rejected by the server\"", "response": "{\"msg\": \"ssl: the specified credentials were rejected by the server\", \"unreachable\": true, \"changed\": false}"}}, {"model": "runner.result", "pk": 10, "fields": {"task": 5, "host": "PDCSC6601", "status": "ok", "message": null, "response": "{\"_ansible_parsed\": true, \"changed\": false, \"ping\": \"pong\", \"_ansible_no_log\": false}"}}, {"model": "runner.result", "pk": 11, "fields": {"task": 6, "host": "BPOSC6601", "status": "unreachable", "message": "\"credssp: The server did not response CredSSP being an available authentication method - actual: 'Negotiate, Kerberos, Basic realm=\\\"WSMAN\\\"'\"", "response": "{\"msg\": \"credssp: The server did not response CredSSP being an available authentication method - actual: 'Negotiate, Kerberos, Basic realm=\\\"WSMAN\\\"'\", \"unreachable\": true, \"changed\": false}"}}, {"model": "runner.result", "pk": 12, "fields": {"task": 6, "host": "PDCSC6601", "status": "unreachable", "message": "\"credssp: The server did not response CredSSP being an available authentication method - actual: 'Negotiate, Kerberos, Basic realm=\\\"WSMAN\\\"'\"", "response": "{\"msg\": \"credssp: The server did not response CredSSP being an available authentication method - actual: 'Negotiate, Kerberos, Basic realm=\\\"WSMAN\\\"'\", \"unreachable\": true, \"changed\": false}"}}, {"model": "runner.result", "pk": 13, "fields": {"task": 6, "host": "SQLSC6601", "status": "unreachable", "message": "\"credssp: The server did not response CredSSP being an available authentication method - actual: 'Negotiate, Kerberos, Basic realm=\\\"WSMAN\\\"'\"", "response": "{\"msg\": \"credssp: The server did not response CredSSP being an available authentication method - actual: 'Negotiate, Kerberos, Basic realm=\\\"WSMAN\\\"'\", \"unreachable\": true, \"changed\": false}"}}, {"model": "runner.result", "pk": 14, "fields": {"task": 6, "host": "WEBSC6601", "status": "unreachable", "message": "\"credssp: The server did not response CredSSP being an available authentication method - actual: 'Negotiate, Kerberos, Basic realm=\\\"WSMAN\\\"'\"", "response": "{\"msg\": \"credssp: The server did not response CredSSP being an available authentication method - actual: 'Negotiate, Kerberos, Basic realm=\\\"WSMAN\\\"'\", \"unreachable\": true, \"changed\": false}"}}, {"model": "runner.result", "pk": 15, "fields": {"task": 6, "host": "WEBSC6602", "status": "unreachable", "message": "\"credssp: The server did not response CredSSP being an available authentication method - actual: 'Negotiate, Kerberos, Basic realm=\\\"WSMAN\\\"'\"", "response": "{\"msg\": \"credssp: The server did not response CredSSP being an available authentication method - actual: 'Negotiate, Kerberos, Basic realm=\\\"WSMAN\\\"'\", \"unreachable\": true, \"changed\": false}"}}, {"model": "runner.result", "pk": 16, "fields": {"task": 6, "host": "APISC6601", "status": "ok", "message": null, "response": "{\"_ansible_parsed\": true, \"changed\": false, \"ping\": \"pong\", \"_ansible_no_log\": false}"}}, {"model": "runner.result", "pk": 17, "fields": {"task": 7, "host": "PDCSC6601", "status": "ok", "message": null, "response": "{\"_ansible_parsed\": true, \"changed\": false, \"ping\": \"pong\", \"_ansible_no_log\": false}"}}, {"model": "runner.result", "pk": 18, "fields": {"task": 7, "host": "APISC6601", "status": "ok", "message": null, "response": "{\"_ansible_parsed\": true, \"changed\": false, \"ping\": \"pong\", \"_ansible_no_log\": false}"}}, {"model": "runner.result", "pk": 19, "fields": {"task": 7, "host": "BPOSC6601", "status": "ok", "message": null, "response": "{\"_ansible_parsed\": true, \"changed\": false, \"ping\": \"pong\", \"_ansible_no_log\": false}"}}, {"model": "runner.result", "pk": 20, "fields": {"task": 7, "host": "SQLSC6601", "status": "ok", "message": null, "response": "{\"_ansible_parsed\": true, \"changed\": false, \"ping\": \"pong\", \"_ansible_no_log\": false}"}}, {"model": "runner.result", "pk": 21, "fields": {"task": 7, "host": "WEBSC6601", "status": "ok", "message": null, "response": "{\"_ansible_parsed\": true, \"changed\": false, \"ping\": \"pong\", \"_ansible_no_log\": false}"}}, {"model": "runner.result", "pk": 22, "fields": {"task": 7, "host": "WEBSC6602", "status": "ok", "message": null, "response": "{\"_ansible_parsed\": true, \"changed\": false, \"ping\": \"pong\", \"_ansible_no_log\": false}"}}, {"model": "runner.result", "pk": 23, "fields": {"task": 8, "host": "PDCSC6601", "status": "ok", "message": null, "response": "{\"_ansible_parsed\": true, \"changed\": false, \"_ansible_verbose_override\": true, \"ansible_facts\": \"truncated_by_battuta\", \"_ansible_no_log\": false}"}}, {"model": "runner.result", "pk": 24, "fields": {"task": 8, "host": "BPOSC6601", "status": "ok", "message": null, "response": "{\"_ansible_parsed\": true, \"changed\": false, \"_ansible_verbose_override\": true, \"ansible_facts\": \"truncated_by_battuta\", \"_ansible_no_log\": false}"}}, {"model": "runner.result", "pk": 25, "fields": {"task": 8, "host": "WEBSC6601", "status": "ok", "message": null, "response": "{\"_ansible_parsed\": true, \"changed\": false, \"_ansible_verbose_override\": true, \"ansible_facts\": \"truncated_by_battuta\", \"_ansible_no_log\": false}"}}, {"model": "runner.result", "pk": 26, "fields": {"task": 8, "host": "APISC6601", "status": "ok", "message": null, "response": "{\"_ansible_parsed\": true, \"changed\": false, \"_ansible_verbose_override\": true, \"ansible_facts\": \"truncated_by_battuta\", \"_ansible_no_log\": false}"}}, {"model": "runner.result", "pk": 27, "fields": {"task": 8, "host": "SQLSC6601", "status": "ok", "message": null, "response": "{\"_ansible_parsed\": true, \"changed\": false, \"_ansible_verbose_override\": true, \"ansible_facts\": \"truncated_by_battuta\", \"_ansible_no_log\": false}"}}, {"model": "runner.result", "pk": 28, "fields": {"task": 8, "host": "WEBSC6602", "status": "ok", "message": null, "response": "{\"_ansible_parsed\": true, \"changed\": false, \"_ansible_verbose_override\": true, \"ansible_facts\": \"truncated_by_battuta\", \"_ansible_no_log\": false}"}}, {"model": "runner.result", "pk": 29, "fields": {"task": 9, "host": "PDCSC6601", "status": "failed", "message": "\"MODULE FAILURE\"", "response": "{\"_ansible_parsed\": false, \"_ansible_no_log\": false, \"module_stderr\": \"#< CLIXML\\r\\nAt line:11 char:23\\r\\n+ except (AttributeError, OSError):\\r\\n+                       ~\\r\\nMissing argument in parameter list.\\r\\n\\r\\nAt line:13 char:3\\r\\n+ if scriptdir is not None:\\r\\n+   ~\\r\\nMissing '(' after 'if' in if statement.\\r\\n\\r\\nAt line:20 char:3\\r\\n+ if sys.version_info < (3,):\\r\\n+   ~\\r\\nMissing '(' after 'if' in if statement.\\r\\n\\r\\nAt line:20 char:26\\r\\n+ if sys.version_info < (3,):\\r\\n+                          ~\\r\\nMissing expression after ','.\\r\\n\\r\\nAt line:20 char:21\\r\\n+ if sys.version_info < (3,):\\r\\n+                     ~\\r\\nThe '<' operator is reserved for future use.\\r\\n\\r\\nAt line:27 char:5\\r\\n+     from io import BytesIO as IOStream\\r\\n+     ~~~~\\r\\nThe 'from' keyword is not supported in this version of the language.\\r\\n\\r\\nAt line:29 char:5\\r\\n+     from StringIO import StringIO as IOStream\\r\\n+     ~~~~\\r\\nThe 'from' keyword is not supported in this version of the language.\\r\\n\\r\\nAt line:31 char:25\\r\\n+ def invoke_module(module, modlib_path, json_params):\\r\\n+                         ~\\r\\nMissing argument in parameter list.\\r\\n\\r\\nAt line:33 char:7\\r\\n+     if pythonpath:\\r\\n+       ~\\r\\nMissing '(' after 'if' in if statement.\\r\\n\\r\\nAt line:34 char:57\\r\\n+         os.environ['PYTHONPATH'] = ':'.join((modlib_path, pythonpath) ...\\r\\n+                                                         ~\\r\\nMissing argument in parameter list.\\r\\n\\r\\nNot all parse errors were reported.  Correct the reported errors and try again.\\r\\n    + CategoryInfo          : ParserError: (:) [], ParentContainsErrorRecordException\\r\\n    + FullyQualifiedErrorId : MissingArgument\\r\\n \\r\\n\\r\\n<Objs Version=\\\"1.1.0.1\\\" xmlns=\\\"http://schemas.microsoft.com/powershell/2004/04\\\"><Obj S=\\\"progress\\\" RefId=\\\"0\\\"><TN RefId=\\\"0\\\"><T>System.Management.Automation.PSCustomObject</T><T>System.Object</T></TN><MS><I64 N=\\\"SourceId\\\">1</I64><PR N=\\\"Record\\\"><AV>Preparing modules for first use.</AV><AI>0</AI><Nil /><PI>-1</PI><PC>-1</PC><T>Completed</T><SR>-1</SR><SD> </SD></PR></MS></Obj></Objs>\", \"changed\": false, \"module_stdout\": \"\", \"failed\": true, \"rc\": 1, \"msg\": \"MODULE FAILURE\"}"}}, {"model": "runner.result", "pk": 30, "fields": {"task": 9, "host": "APISC6601", "status": "failed", "message": "\"MODULE FAILURE\"", "response": "{\"_ansible_parsed\": false, \"_ansible_no_log\": false, \"module_stderr\": \"#< CLIXML\\r\\nAt line:11 char:23\\r\\n+ except (AttributeError, OSError):\\r\\n+                       ~\\r\\nMissing argument in parameter list.\\r\\n\\r\\nAt line:13 char:3\\r\\n+ if scriptdir is not None:\\r\\n+   ~\\r\\nMissing '(' after 'if' in if statement.\\r\\n\\r\\nAt line:20 char:3\\r\\n+ if sys.version_info < (3,):\\r\\n+   ~\\r\\nMissing '(' after 'if' in if statement.\\r\\n\\r\\nAt line:20 char:26\\r\\n+ if sys.version_info < (3,):\\r\\n+                          ~\\r\\nMissing expression after ','.\\r\\n\\r\\nAt line:20 char:21\\r\\n+ if sys.version_info < (3,):\\r\\n+                     ~\\r\\nThe '<' operator is reserved for future use.\\r\\n\\r\\nAt line:27 char:5\\r\\n+     from io import BytesIO as IOStream\\r\\n+     ~~~~\\r\\nThe 'from' keyword is not supported in this version of the language.\\r\\n\\r\\nAt line:29 char:5\\r\\n+     from StringIO import StringIO as IOStream\\r\\n+     ~~~~\\r\\nThe 'from' keyword is not supported in this version of the language.\\r\\n\\r\\nAt line:31 char:25\\r\\n+ def invoke_module(module, modlib_path, json_params):\\r\\n+                         ~\\r\\nMissing argument in parameter list.\\r\\n\\r\\nAt line:33 char:7\\r\\n+     if pythonpath:\\r\\n+       ~\\r\\nMissing '(' after 'if' in if statement.\\r\\n\\r\\nAt line:34 char:57\\r\\n+         os.environ['PYTHONPATH'] = ':'.join((modlib_path, pythonpath) ...\\r\\n+                                                         ~\\r\\nMissing argument in parameter list.\\r\\n\\r\\nNot all parse errors were reported.  Correct the reported errors and try again.\\r\\n    + CategoryInfo          : ParserError: (:) [], ParentContainsErrorRecordException\\r\\n    + FullyQualifiedErrorId : MissingArgument\\r\\n \\r\\n\\r\\n<Objs Version=\\\"1.1.0.1\\\" xmlns=\\\"http://schemas.microsoft.com/powershell/2004/04\\\"><Obj S=\\\"progress\\\" RefId=\\\"0\\\"><TN RefId=\\\"0\\\"><T>System.Management.Automation.PSCustomObject</T><T>System.Object</T></TN><MS><I64 N=\\\"SourceId\\\">1</I64><PR N=\\\"Record\\\"><AV>Preparing modules for first use.</AV><AI>0</AI><Nil /><PI>-1</PI><PC>-1</PC><T>Completed</T><SR>-1</SR><SD> </SD></PR></MS></Obj></Objs>\", \"changed\": false, \"module_stdout\": \"\", \"failed\": true, \"rc\": 1, \"msg\": \"MODULE FAILURE\"}"}}, {"model": "runner.result", "pk": 31, "fields": {"task": 9, "host": "SQLSC6601", "status": "failed", "message": "\"MODULE FAILURE\"", "response": "{\"_ansible_parsed\": false, \"_ansible_no_log\": false, \"module_stderr\": \"#< CLIXML\\r\\nAt line:11 char:23\\r\\n+ except (AttributeError, OSError):\\r\\n+                       ~\\r\\nMissing argument in parameter list.\\r\\n\\r\\nAt line:13 char:3\\r\\n+ if scriptdir is not None:\\r\\n+   ~\\r\\nMissing '(' after 'if' in if statement.\\r\\n\\r\\nAt line:20 char:3\\r\\n+ if sys.version_info < (3,):\\r\\n+   ~\\r\\nMissing '(' after 'if' in if statement.\\r\\n\\r\\nAt line:20 char:26\\r\\n+ if sys.version_info < (3,):\\r\\n+                          ~\\r\\nMissing expression after ','.\\r\\n\\r\\nAt line:20 char:21\\r\\n+ if sys.version_info < (3,):\\r\\n+                     ~\\r\\nThe '<' operator is reserved for future use.\\r\\n\\r\\nAt line:27 char:5\\r\\n+     from io import BytesIO as IOStream\\r\\n+     ~~~~\\r\\nThe 'from' keyword is not supported in this version of the language.\\r\\n\\r\\nAt line:29 char:5\\r\\n+     from StringIO import StringIO as IOStream\\r\\n+     ~~~~\\r\\nThe 'from' keyword is not supported in this version of the language.\\r\\n\\r\\nAt line:31 char:25\\r\\n+ def invoke_module(module, modlib_path, json_params):\\r\\n+                         ~\\r\\nMissing argument in parameter list.\\r\\n\\r\\nAt line:33 char:7\\r\\n+     if pythonpath:\\r\\n+       ~\\r\\nMissing '(' after 'if' in if statement.\\r\\n\\r\\nAt line:34 char:57\\r\\n+         os.environ['PYTHONPATH'] = ':'.join((modlib_path, pythonpath) ...\\r\\n+                                                         ~\\r\\nMissing argument in parameter list.\\r\\n\\r\\nNot all parse errors were reported.  Correct the reported errors and try again.\\r\\n    + CategoryInfo          : ParserError: (:) [], ParentContainsErrorRecordException\\r\\n    + FullyQualifiedErrorId : MissingArgument\\r\\n \\r\\n\\r\\n<Objs Version=\\\"1.1.0.1\\\" xmlns=\\\"http://schemas.microsoft.com/powershell/2004/04\\\"><Obj S=\\\"progress\\\" RefId=\\\"0\\\"><TN RefId=\\\"0\\\"><T>System.Management.Automation.PSCustomObject</T><T>System.Object</T></TN><MS><I64 N=\\\"SourceId\\\">1</I64><PR N=\\\"Record\\\"><AV>Preparing modules for first use.</AV><AI>0</AI><Nil /><PI>-1</PI><PC>-1</PC><T>Completed</T><SR>-1</SR><SD> </SD></PR></MS></Obj></Objs>\", \"changed\": false, \"module_stdout\": \"\", \"failed\": true, \"rc\": 1, \"msg\": \"MODULE FAILURE\"}"}}, {"model": "runner.result", "pk": 32, "fields": {"task": 9, "host": "BPOSC6601", "status": "failed", "message": "\"MODULE FAILURE\"", "response": "{\"_ansible_parsed\": false, \"_ansible_no_log\": false, \"module_stderr\": \"#< CLIXML\\r\\nAt line:11 char:23\\r\\n+ except (AttributeError, OSError):\\r\\n+                       ~\\r\\nMissing argument in parameter list.\\r\\n\\r\\nAt line:13 char:3\\r\\n+ if scriptdir is not None:\\r\\n+   ~\\r\\nMissing '(' after 'if' in if statement.\\r\\n\\r\\nAt line:20 char:3\\r\\n+ if sys.version_info < (3,):\\r\\n+   ~\\r\\nMissing '(' after 'if' in if statement.\\r\\n\\r\\nAt line:20 char:26\\r\\n+ if sys.version_info < (3,):\\r\\n+                          ~\\r\\nMissing expression after ','.\\r\\n\\r\\nAt line:20 char:21\\r\\n+ if sys.version_info < (3,):\\r\\n+                     ~\\r\\nThe '<' operator is reserved for future use.\\r\\n\\r\\nAt line:27 char:5\\r\\n+     from io import BytesIO as IOStream\\r\\n+     ~~~~\\r\\nThe 'from' keyword is not supported in this version of the language.\\r\\n\\r\\nAt line:29 char:5\\r\\n+     from StringIO import StringIO as IOStream\\r\\n+     ~~~~\\r\\nThe 'from' keyword is not supported in this version of the language.\\r\\n\\r\\nAt line:31 char:25\\r\\n+ def invoke_module(module, modlib_path, json_params):\\r\\n+                         ~\\r\\nMissing argument in parameter list.\\r\\n\\r\\nAt line:33 char:7\\r\\n+     if pythonpath:\\r\\n+       ~\\r\\nMissing '(' after 'if' in if statement.\\r\\n\\r\\nAt line:34 char:57\\r\\n+         os.environ['PYTHONPATH'] = ':'.join((modlib_path, pythonpath) ...\\r\\n+                                                         ~\\r\\nMissing argument in parameter list.\\r\\n\\r\\nNot all parse errors were reported.  Correct the reported errors and try again.\\r\\n    + CategoryInfo          : ParserError: (:) [], ParentContainsErrorRecordException\\r\\n    + FullyQualifiedErrorId : MissingArgument\\r\\n \\r\\n\\r\\n<Objs Version=\\\"1.1.0.1\\\" xmlns=\\\"http://schemas.microsoft.com/powershell/2004/04\\\"><Obj S=\\\"progress\\\" RefId=\\\"0\\\"><TN RefId=\\\"0\\\"><T>System.Management.Automation.PSCustomObject</T><T>System.Object</T></TN><MS><I64 N=\\\"SourceId\\\">1</I64><PR N=\\\"Record\\\"><AV>Preparing modules for first use.</AV><AI>0</AI><Nil /><PI>-1</PI><PC>-1</PC><T>Completed</T><SR>-1</SR><SD> </SD></PR></MS></Obj></Objs>\", \"changed\": false, \"module_stdout\": \"\", \"failed\": true, \"rc\": 1, \"msg\": \"MODULE FAILURE\"}"}}, {"model": "runner.result", "pk": 33, "fields": {"task": 9, "host": "WEBSC6601", "status": "failed", "message": "\"MODULE FAILURE\"", "response": "{\"_ansible_parsed\": false, \"_ansible_no_log\": false, \"module_stderr\": \"#< CLIXML\\r\\nAt line:11 char:23\\r\\n+ except (AttributeError, OSError):\\r\\n+                       ~\\r\\nMissing argument in parameter list.\\r\\n\\r\\nAt line:13 char:3\\r\\n+ if scriptdir is not None:\\r\\n+   ~\\r\\nMissing '(' after 'if' in if statement.\\r\\n\\r\\nAt line:20 char:3\\r\\n+ if sys.version_info < (3,):\\r\\n+   ~\\r\\nMissing '(' after 'if' in if statement.\\r\\n\\r\\nAt line:20 char:26\\r\\n+ if sys.version_info < (3,):\\r\\n+                          ~\\r\\nMissing expression after ','.\\r\\n\\r\\nAt line:20 char:21\\r\\n+ if sys.version_info < (3,):\\r\\n+                     ~\\r\\nThe '<' operator is reserved for future use.\\r\\n\\r\\nAt line:27 char:5\\r\\n+     from io import BytesIO as IOStream\\r\\n+     ~~~~\\r\\nThe 'from' keyword is not supported in this version of the language.\\r\\n\\r\\nAt line:29 char:5\\r\\n+     from StringIO import StringIO as IOStream\\r\\n+     ~~~~\\r\\nThe 'from' keyword is not supported in this version of the language.\\r\\n\\r\\nAt line:31 char:25\\r\\n+ def invoke_module(module, modlib_path, json_params):\\r\\n+                         ~\\r\\nMissing argument in parameter list.\\r\\n\\r\\nAt line:33 char:7\\r\\n+     if pythonpath:\\r\\n+       ~\\r\\nMissing '(' after 'if' in if statement.\\r\\n\\r\\nAt line:34 char:57\\r\\n+         os.environ['PYTHONPATH'] = ':'.join((modlib_path, pythonpath) ...\\r\\n+                                                         ~\\r\\nMissing argument in parameter list.\\r\\n\\r\\nNot all parse errors were reported.  Correct the reported errors and try again.\\r\\n    + CategoryInfo          : ParserError: (:) [], ParentContainsErrorRecordException\\r\\n    + FullyQualifiedErrorId : MissingArgument\\r\\n \\r\\n\\r\\n<Objs Version=\\\"1.1.0.1\\\" xmlns=\\\"http://schemas.microsoft.com/powershell/2004/04\\\"><Obj S=\\\"progress\\\" RefId=\\\"0\\\"><TN RefId=\\\"0\\\"><T>System.Management.Automation.PSCustomObject</T><T>System.Object</T></TN><MS><I64 N=\\\"SourceId\\\">1</I64><PR N=\\\"Record\\\"><AV>Preparing modules for first use.</AV><AI>0</AI><Nil /><PI>-1</PI><PC>-1</PC><T>Completed</T><SR>-1</SR><SD> </SD></PR></MS></Obj></Objs>\", \"changed\": false, \"module_stdout\": \"\", \"failed\": true, \"rc\": 1, \"msg\": \"MODULE FAILURE\"}"}}, {"model": "runner.result", "pk": 34, "fields": {"task": 9, "host": "WEBSC6602", "status": "failed", "message": "\"MODULE FAILURE\"", "response": "{\"_ansible_parsed\": false, \"_ansible_no_log\": false, \"module_stderr\": \"#< CLIXML\\r\\nAt line:11 char:23\\r\\n+ except (AttributeError, OSError):\\r\\n+                       ~\\r\\nMissing argument in parameter list.\\r\\n\\r\\nAt line:13 char:3\\r\\n+ if scriptdir is not None:\\r\\n+   ~\\r\\nMissing '(' after 'if' in if statement.\\r\\n\\r\\nAt line:20 char:3\\r\\n+ if sys.version_info < (3,):\\r\\n+   ~\\r\\nMissing '(' after 'if' in if statement.\\r\\n\\r\\nAt line:20 char:26\\r\\n+ if sys.version_info < (3,):\\r\\n+                          ~\\r\\nMissing expression after ','.\\r\\n\\r\\nAt line:20 char:21\\r\\n+ if sys.version_info < (3,):\\r\\n+                     ~\\r\\nThe '<' operator is reserved for future use.\\r\\n\\r\\nAt line:27 char:5\\r\\n+     from io import BytesIO as IOStream\\r\\n+     ~~~~\\r\\nThe 'from' keyword is not supported in this version of the language.\\r\\n\\r\\nAt line:29 char:5\\r\\n+     from StringIO import StringIO as IOStream\\r\\n+     ~~~~\\r\\nThe 'from' keyword is not supported in this version of the language.\\r\\n\\r\\nAt line:31 char:25\\r\\n+ def invoke_module(module, modlib_path, json_params):\\r\\n+                         ~\\r\\nMissing argument in parameter list.\\r\\n\\r\\nAt line:33 char:7\\r\\n+     if pythonpath:\\r\\n+       ~\\r\\nMissing '(' after 'if' in if statement.\\r\\n\\r\\nAt line:34 char:57\\r\\n+         os.environ['PYTHONPATH'] = ':'.join((modlib_path, pythonpath) ...\\r\\n+                                                         ~\\r\\nMissing argument in parameter list.\\r\\n\\r\\nNot all parse errors were reported.  Correct the reported errors and try again.\\r\\n    + CategoryInfo          : ParserError: (:) [], ParentContainsErrorRecordException\\r\\n    + FullyQualifiedErrorId : MissingArgument\\r\\n \\r\\n\\r\\n<Objs Version=\\\"1.1.0.1\\\" xmlns=\\\"http://schemas.microsoft.com/powershell/2004/04\\\"><Obj S=\\\"progress\\\" RefId=\\\"0\\\"><TN RefId=\\\"0\\\"><T>System.Management.Automation.PSCustomObject</T><T>System.Object</T></TN><MS><I64 N=\\\"SourceId\\\">1</I64><PR N=\\\"Record\\\"><AV>Preparing modules for first use.</AV><AI>0</AI><Nil /><PI>-1</PI><PC>-1</PC><T>Completed</T><SR>-1</SR><SD> </SD></PR></MS></Obj></Objs>\", \"changed\": false, \"module_stdout\": \"\", \"failed\": true, \"rc\": 1, \"msg\": \"MODULE FAILURE\"}"}}, {"model": "runner.result", "pk": 35, "fields": {"task": 10, "host": "APISC6601", "status": "failed", "message": "\"Internal Error: this connection module does not support running commands via sudo\"", "response": "{\"msg\": \"Internal Error: this connection module does not support running commands via sudo\", \"failed\": true}"}}, {"model": "runner.result", "pk": 36, "fields": {"task": 10, "host": "PDCSC6601", "status": "failed", "message": "\"Internal Error: this connection module does not support running commands via sudo\"", "response": "{\"msg\": \"Internal Error: this connection module does not support running commands via sudo\", \"failed\": true}"}}, {"model": "runner.result", "pk": 37, "fields": {"task": 10, "host": "WEBSC6601", "status": "failed", "message": "\"Internal Error: this connection module does not support running commands via sudo\"", "response": "{\"msg\": \"Internal Error: this connection module does not support running commands via sudo\", \"failed\": true}"}}, {"model": "runner.result", "pk": 38, "fields": {"task": 10, "host": "BPOSC6601", "status": "failed", "message": "\"Internal Error: this connection module does not support running commands via sudo\"", "response": "{\"msg\": \"Internal Error: this connection module does not support running commands via sudo\", \"failed\": true}"}}, {"model": "runner.result", "pk": 39, "fields": {"task": 10, "host": "SQLSC6601", "status": "failed", "message": "\"Internal Error: this connection module does not support running commands via sudo\"", "response": "{\"msg\": \"Internal Error: this connection module does not support running commands via sudo\", \"failed\": true}"}}, {"model": "runner.result", "pk": 40, "fields": {"task": 10, "host": "WEBSC6602", "status": "failed", "message": "\"Internal Error: this connection module does not support running commands via sudo\"", "response": "{\"msg\": \"Internal Error: this connection module does not support running commands via sudo\", \"failed\": true}"}}, {"model": "runner.result", "pk": 41, "fields": {"task": 11, "host": "PDCSC6601", "status": "ok", "message": null, "response": "{\"_ansible_parsed\": true, \"changed\": false, \"_ansible_verbose_override\": true, \"ansible_facts\": \"truncated_by_battuta\", \"_ansible_no_log\": false}"}}, {"model": "runner.result", "pk": 42, "fields": {"task": 11, "host": "BPOSC6601", "status": "ok", "message": null, "response": "{\"_ansible_parsed\": true, \"changed\": false, \"_ansible_verbose_override\": true, \"ansible_facts\": \"truncated_by_battuta\", \"_ansible_no_log\": false}"}}, {"model": "runner.result", "pk": 43, "fields": {"task": 11, "host": "WEBSC6601", "status": "ok", "message": null, "response": "{\"_ansible_parsed\": true, \"changed\": false, \"_ansible_verbose_override\": true, \"ansible_facts\": \"truncated_by_battuta\", \"_ansible_no_log\": false}"}}, {"model": "runner.result", "pk": 44, "fields": {"task": 11, "host": "APISC6601", "status": "ok", "message": null, "response": "{\"_ansible_parsed\": true, \"changed\": false, \"_ansible_verbose_override\": true, \"ansible_facts\": \"truncated_by_battuta\", \"_ansible_no_log\": false}"}}, {"model": "runner.result", "pk": 45, "fields": {"task": 11, "host": "WEBSC6602", "status": "ok", "message": null, "response": "{\"_ansible_parsed\": true, \"changed\": false, \"_ansible_verbose_override\": true, \"ansible_facts\": \"truncated_by_battuta\", \"_ansible_no_log\": false}"}}, {"model": "runner.result", "pk": 46, "fields": {"task": 11, "host": "SQLSC6601", "status": "ok", "message": null, "response": "{\"_ansible_parsed\": true, \"changed\": false, \"_ansible_verbose_override\": true, \"ansible_facts\": \"truncated_by_battuta\", \"_ansible_no_log\": false}"}}, {"model": "runner.result", "pk": 47, "fields": {"task": 12, "host": "BPOSC6601", "status": "failed", "message": "\"the field 'args' has an invalid value, which appears to include a variable that is undefined. The error was: 'ansible_facts' is undefined\\n\\nThe error appears to have been in '/opt/ans_data/roles/telegraf/tasks/main.yml': line 3, column 3, but may\\nbe elsewhere in the file depending on the exact syntax problem.\\n\\nThe offending line appears to be:\\n\\n\\n- debug:\\n  ^ here\\n\"", "response": "{\"msg\": \"the field 'args' has an invalid value, which appears to include a variable that is undefined. The error was: 'ansible_facts' is undefined\\n\\nThe error appears to have been in '/opt/ans_data/roles/telegraf/tasks/main.yml': line 3, column 3, but may\\nbe elsewhere in the file depending on the exact syntax problem.\\n\\nThe offending line appears to be:\\n\\n\\n- debug:\\n  ^ here\\n\", \"failed\": true}"}}, {"model": "runner.result", "pk": 48, "fields": {"task": 12, "host": "SQLSC6601", "status": "failed", "message": "\"the field 'args' has an invalid value, which appears to include a variable that is undefined. The error was: 'ansible_facts' is undefined\\n\\nThe error appears to have been in '/opt/ans_data/roles/telegraf/tasks/main.yml': line 3, column 3, but may\\nbe elsewhere in the file depending on the exact syntax problem.\\n\\nThe offending line appears to be:\\n\\n\\n- debug:\\n  ^ here\\n\"", "response": "{\"msg\": \"the field 'args' has an invalid value, which appears to include a variable that is undefined. The error was: 'ansible_facts' is undefined\\n\\nThe error appears to have been in '/opt/ans_data/roles/telegraf/tasks/main.yml': line 3, column 3, but may\\nbe elsewhere in the file depending on the exact syntax problem.\\n\\nThe offending line appears to be:\\n\\n\\n- debug:\\n  ^ here\\n\", \"failed\": true}"}}, {"model": "runner.result", "pk": 49, "fields": {"task": 12, "host": "PDCSC6601", "status": "failed", "message": "\"the field 'args' has an invalid value, which appears to include a variable that is undefined. The error was: 'ansible_facts' is undefined\\n\\nThe error appears to have been in '/opt/ans_data/roles/telegraf/tasks/main.yml': line 3, column 3, but may\\nbe elsewhere in the file depending on the exact syntax problem.\\n\\nThe offending line appears to be:\\n\\n\\n- debug:\\n  ^ here\\n\"", "response": "{\"msg\": \"the field 'args' has an invalid value, which appears to include a variable that is undefined. The error was: 'ansible_facts' is undefined\\n\\nThe error appears to have been in '/opt/ans_data/roles/telegraf/tasks/main.yml': line 3, column 3, but may\\nbe elsewhere in the file depending on the exact syntax problem.\\n\\nThe offending line appears to be:\\n\\n\\n- debug:\\n  ^ here\\n\", \"failed\": true}"}}, {"model": "runner.result", "pk": 50, "fields": {"task": 12, "host": "WEBSC6601", "status": "failed", "message": "\"the field 'args' has an invalid value, which appears to include a variable that is undefined. The error was: 'ansible_facts' is undefined\\n\\nThe error appears to have been in '/opt/ans_data/roles/telegraf/tasks/main.yml': line 3, column 3, but may\\nbe elsewhere in the file depending on the exact syntax problem.\\n\\nThe offending line appears to be:\\n\\n\\n- debug:\\n  ^ here\\n\"", "response": "{\"msg\": \"the field 'args' has an invalid value, which appears to include a variable that is undefined. The error was: 'ansible_facts' is undefined\\n\\nThe error appears to have been in '/opt/ans_data/roles/telegraf/tasks/main.yml': line 3, column 3, but may\\nbe elsewhere in the file depending on the exact syntax problem.\\n\\nThe offending line appears to be:\\n\\n\\n- debug:\\n  ^ here\\n\", \"failed\": true}"}}, {"model": "runner.result", "pk": 51, "fields": {"task": 12, "host": "APISC6601", "status": "failed", "message": "\"the field 'args' has an invalid value, which appears to include a variable that is undefined. The error was: 'ansible_facts' is undefined\\n\\nThe error appears to have been in '/opt/ans_data/roles/telegraf/tasks/main.yml': line 3, column 3, but may\\nbe elsewhere in the file depending on the exact syntax problem.\\n\\nThe offending line appears to be:\\n\\n\\n- debug:\\n  ^ here\\n\"", "response": "{\"msg\": \"the field 'args' has an invalid value, which appears to include a variable that is undefined. The error was: 'ansible_facts' is undefined\\n\\nThe error appears to have been in '/opt/ans_data/roles/telegraf/tasks/main.yml': line 3, column 3, but may\\nbe elsewhere in the file depending on the exact syntax problem.\\n\\nThe offending line appears to be:\\n\\n\\n- debug:\\n  ^ here\\n\", \"failed\": true}"}}, {"model": "runner.result", "pk": 52, "fields": {"task": 12, "host": "WEBSC6602", "status": "failed", "message": "\"the field 'args' has an invalid value, which appears to include a variable that is undefined. The error was: 'ansible_facts' is undefined\\n\\nThe error appears to have been in '/opt/ans_data/roles/telegraf/tasks/main.yml': line 3, column 3, but may\\nbe elsewhere in the file depending on the exact syntax problem.\\n\\nThe offending line appears to be:\\n\\n\\n- debug:\\n  ^ here\\n\"", "response": "{\"msg\": \"the field 'args' has an invalid value, which appears to include a variable that is undefined. The error was: 'ansible_facts' is undefined\\n\\nThe error appears to have been in '/opt/ans_data/roles/telegraf/tasks/main.yml': line 3, column 3, but may\\nbe elsewhere in the file depending on the exact syntax problem.\\n\\nThe offending line appears to be:\\n\\n\\n- debug:\\n  ^ here\\n\", \"failed\": true}"}}, {"model": "runner.result", "pk": 53, "fields": {"task": 13, "host": "PDCSC6601", "status": "ok", "message": null, "response": "{\"_ansible_parsed\": true, \"changed\": false, \"_ansible_verbose_override\": true, \"ansible_facts\": \"truncated_by_battuta\", \"_ansible_no_log\": false}"}}, {"model": "runner.result", "pk": 54, "fields": {"task": 13, "host": "BPOSC6601", "status": "ok", "message": null, "response": "{\"_ansible_parsed\": true, \"changed\": false, \"_ansible_verbose_override\": true, \"ansible_facts\": \"truncated_by_battuta\", \"_ansible_no_log\": false}"}}, {"model": "runner.result", "pk": 55, "fields": {"task": 13, "host": "WEBSC6601", "status": "ok", "message": null, "response": "{\"_ansible_parsed\": true, \"changed\": false, \"_ansible_verbose_override\": true, \"ansible_facts\": \"truncated_by_battuta\", \"_ansible_no_log\": false}"}}, {"model": "runner.result", "pk": 56, "fields": {"task": 13, "host": "APISC6601", "status": "ok", "message": null, "response": "{\"_ansible_parsed\": true, \"changed\": false, \"_ansible_verbose_override\": true, \"ansible_facts\": \"truncated_by_battuta\", \"_ansible_no_log\": false}"}}, {"model": "runner.result", "pk": 57, "fields": {"task": 13, "host": "SQLSC6601", "status": "ok", "message": null, "response": "{\"_ansible_parsed\": true, \"changed\": false, \"_ansible_verbose_override\": true, \"ansible_facts\": \"truncated_by_battuta\", \"_ansible_no_log\": false}"}}, {"model": "runner.result", "pk": 58, "fields": {"task": 13, "host": "WEBSC6602", "status": "ok", "message": null, "response": "{\"_ansible_parsed\": true, \"changed\": false, \"_ansible_verbose_override\": true, \"ansible_facts\": \"truncated_by_battuta\", \"_ansible_no_log\": false}"}}, {"model": "runner.result", "pk": 59, "fields": {"task": 14, "host": "PDCSC6601", "status": "failed", "message": "\"the field 'args' has an invalid value, which appears to include a variable that is undefined. The error was: 'infludata_server' is undefined\\n\\nThe error appears to have been in '/opt/ans_data/roles/telegraf/tasks/main.yml': line 3, column 3, but may\\nbe elsewhere in the file depending on the exact syntax problem.\\n\\nThe offending line appears to be:\\n\\n\\n- debug:\\n  ^ here\\n\"", "response": "{\"msg\": \"the field 'args' has an invalid value, which appears to include a variable that is undefined. The error was: 'infludata_server' is undefined\\n\\nThe error appears to have been in '/opt/ans_data/roles/telegraf/tasks/main.yml': line 3, column 3, but may\\nbe elsewhere in the file depending on the exact syntax problem.\\n\\nThe offending line appears to be:\\n\\n\\n- debug:\\n  ^ here\\n\", \"failed\": true}"}}, {"model": "runner.result", "pk": 60, "fields": {"task": 14, "host": "APISC6601", "status": "failed", "message": "\"the field 'args' has an invalid value, which appears to include a variable that is undefined. The error was: 'infludata_server' is undefined\\n\\nThe error appears to have been in '/opt/ans_data/roles/telegraf/tasks/main.yml': line 3, column 3, but may\\nbe elsewhere in the file depending on the exact syntax problem.\\n\\nThe offending line appears to be:\\n\\n\\n- debug:\\n  ^ here\\n\"", "response": "{\"msg\": \"the field 'args' has an invalid value, which appears to include a variable that is undefined. The error was: 'infludata_server' is undefined\\n\\nThe error appears to have been in '/opt/ans_data/roles/telegraf/tasks/main.yml': line 3, column 3, but may\\nbe elsewhere in the file depending on the exact syntax problem.\\n\\nThe offending line appears to be:\\n\\n\\n- debug:\\n  ^ here\\n\", \"failed\": true}"}}, {"model": "runner.result", "pk": 61, "fields": {"task": 14, "host": "BPOSC6601", "status": "failed", "message": "\"the field 'args' has an invalid value, which appears to include a variable that is undefined. The error was: 'infludata_server' is undefined\\n\\nThe error appears to have been in '/opt/ans_data/roles/telegraf/tasks/main.yml': line 3, column 3, but may\\nbe elsewhere in the file depending on the exact syntax problem.\\n\\nThe offending line appears to be:\\n\\n\\n- debug:\\n  ^ here\\n\"", "response": "{\"msg\": \"the field 'args' has an invalid value, which appears to include a variable that is undefined. The error was: 'infludata_server' is undefined\\n\\nThe error appears to have been in '/opt/ans_data/roles/telegraf/tasks/main.yml': line 3, column 3, but may\\nbe elsewhere in the file depending on the exact syntax problem.\\n\\nThe offending line appears to be:\\n\\n\\n- debug:\\n  ^ here\\n\", \"failed\": true}"}}, {"model": "runner.result", "pk": 62, "fields": {"task": 14, "host": "SQLSC6601", "status": "failed", "message": "\"the field 'args' has an invalid value, which appears to include a variable that is undefined. The error was: 'infludata_server' is undefined\\n\\nThe error appears to have been in '/opt/ans_data/roles/telegraf/tasks/main.yml': line 3, column 3, but may\\nbe elsewhere in the file depending on the exact syntax problem.\\n\\nThe offending line appears to be:\\n\\n\\n- debug:\\n  ^ here\\n\"", "response": "{\"msg\": \"the field 'args' has an invalid value, which appears to include a variable that is undefined. The error was: 'infludata_server' is undefined\\n\\nThe error appears to have been in '/opt/ans_data/roles/telegraf/tasks/main.yml': line 3, column 3, but may\\nbe elsewhere in the file depending on the exact syntax problem.\\n\\nThe offending line appears to be:\\n\\n\\n- debug:\\n  ^ here\\n\", \"failed\": true}"}}, {"model": "runner.result", "pk": 63, "fields": {"task": 14, "host": "WEBSC6601", "status": "failed", "message": "\"the field 'args' has an invalid value, which appears to include a variable that is undefined. The error was: 'infludata_server' is undefined\\n\\nThe error appears to have been in '/opt/ans_data/roles/telegraf/tasks/main.yml': line 3, column 3, but may\\nbe elsewhere in the file depending on the exact syntax problem.\\n\\nThe offending line appears to be:\\n\\n\\n- debug:\\n  ^ here\\n\"", "response": "{\"msg\": \"the field 'args' has an invalid value, which appears to include a variable that is undefined. The error was: 'infludata_server' is undefined\\n\\nThe error appears to have been in '/opt/ans_data/roles/telegraf/tasks/main.yml': line 3, column 3, but may\\nbe elsewhere in the file depending on the exact syntax problem.\\n\\nThe offending line appears to be:\\n\\n\\n- debug:\\n  ^ here\\n\", \"failed\": true}"}}, {"model": "runner.result", "pk": 64, "fields": {"task": 14, "host": "WEBSC6602", "status": "failed", "message": "\"the field 'args' has an invalid value, which appears to include a variable that is undefined. The error was: 'infludata_server' is undefined\\n\\nThe error appears to have been in '/opt/ans_data/roles/telegraf/tasks/main.yml': line 3, column 3, but may\\nbe elsewhere in the file depending on the exact syntax problem.\\n\\nThe offending line appears to be:\\n\\n\\n- debug:\\n  ^ here\\n\"", "response": "{\"msg\": \"the field 'args' has an invalid value, which appears to include a variable that is undefined. The error was: 'infludata_server' is undefined\\n\\nThe error appears to have been in '/opt/ans_data/roles/telegraf/tasks/main.yml': line 3, column 3, but may\\nbe elsewhere in the file depending on the exact syntax problem.\\n\\nThe offending line appears to be:\\n\\n\\n- debug:\\n  ^ here\\n\", \"failed\": true}"}}, {"model": "runner.result", "pk": 65, "fields": {"task": 15, "host": "PDCSC6601", "status": "ok", "message": null, "response": "{\"_ansible_parsed\": true, \"changed\": false, \"_ansible_verbose_override\": true, \"ansible_facts\": \"truncated_by_battuta\", \"_ansible_no_log\": false}"}}, {"model": "runner.result", "pk": 66, "fields": {"task": 15, "host": "BPOSC6601", "status": "ok", "message": null, "response": "{\"_ansible_parsed\": true, \"changed\": false, \"_ansible_verbose_override\": true, \"ansible_facts\": \"truncated_by_battuta\", \"_ansible_no_log\": false}"}}, {"model": "runner.result", "pk": 67, "fields": {"task": 15, "host": "APISC6601", "status": "ok", "message": null, "response": "{\"_ansible_parsed\": true, \"changed\": false, \"_ansible_verbose_override\": true, \"ansible_facts\": \"truncated_by_battuta\", \"_ansible_no_log\": false}"}}, {"model": "runner.result", "pk": 68, "fields": {"task": 15, "host": "WEBSC6601", "status": "ok", "message": null, "response": "{\"_ansible_parsed\": true, \"changed\": false, \"_ansible_verbose_override\": true, \"ansible_facts\": \"truncated_by_battuta\", \"_ansible_no_log\": false}"}}, {"model": "runner.result", "pk": 69, "fields": {"task": 15, "host": "SQLSC6601", "status": "ok", "message": null, "response": "{\"_ansible_parsed\": true, \"changed\": false, \"_ansible_verbose_override\": true, \"ansible_facts\": \"truncated_by_battuta\", \"_ansible_no_log\": false}"}}, {"model": "runner.result", "pk": 70, "fields": {"task": 15, "host": "WEBSC6602", "status": "ok", "message": null, "response": "{\"_ansible_parsed\": true, \"changed\": false, \"_ansible_verbose_override\": true, \"ansible_facts\": \"truncated_by_battuta\", \"_ansible_no_log\": false}"}}, {"model": "runner.result", "pk": 71, "fields": {"task": 16, "host": "PDCSC6601", "status": "ok", "message": "\"Windows\"", "response": "{\"msg\": \"Windows\", \"changed\": false, \"_ansible_verbose_always\": true, \"_ansible_no_log\": false}"}}, {"model": "runner.result", "pk": 72, "fields": {"task": 16, "host": "APISC6601", "status": "ok", "message": "\"Windows\"", "response": "{\"msg\": \"Windows\", \"changed\": false, \"_ansible_verbose_always\": true, \"_ansible_no_log\": false}"}}, {"model": "runner.result", "pk": 73, "fields": {"task": 16, "host": "BPOSC6601", "status": "ok", "message": "\"Windows\"", "response": "{\"msg\": \"Windows\", \"changed\": false, \"_ansible_verbose_always\": true, \"_ansible_no_log\": false}"}}, {"model": "runner.result", "pk": 74, "fields": {"task": 16, "host": "SQLSC6601", "status": "ok", "message": "\"Windows\"", "response": "{\"msg\": \"Windows\", \"changed\": false, \"_ansible_verbose_always\": true, \"_ansible_no_log\": false}"}}, {"model": "runner.result", "pk": 75, "fields": {"task": 16, "host": "WEBSC6601", "status": "ok", "message": "\"Windows\"", "response": "{\"msg\": \"Windows\", \"changed\": false, \"_ansible_verbose_always\": true, \"_ansible_no_log\": false}"}}, {"model": "runner.result", "pk": 76, "fields": {"task": 16, "host": "WEBSC6602", "status": "ok", "message": "\"Windows\"", "response": "{\"msg\": \"Windows\", \"changed\": false, \"_ansible_verbose_always\": true, \"_ansible_no_log\": false}"}}, {"model": "runner.result", "pk": 77, "fields": {"task": 17, "host": "WEBSC6602", "status": "ok", "message": null, "response": "{\"_ansible_parsed\": true, \"changed\": false, \"_ansible_verbose_override\": true, \"ansible_facts\": \"truncated_by_battuta\", \"_ansible_no_log\": false}"}}, {"model": "runner.result", "pk": 78, "fields": {"task": 18, "host": "PDCSC6601", "status": "ok", "message": null, "response": "{\"_ansible_parsed\": true, \"changed\": false, \"_ansible_verbose_override\": true, \"ansible_facts\": \"truncated_by_battuta\", \"_ansible_no_log\": false}"}}, {"model": "runner.result", "pk": 79, "fields": {"task": 18, "host": "BPOSC6601", "status": "ok", "message": null, "response": "{\"_ansible_parsed\": true, \"changed\": false, \"_ansible_verbose_override\": true, \"ansible_facts\": \"truncated_by_battuta\", \"_ansible_no_log\": false}"}}, {"model": "runner.result", "pk": 80, "fields": {"task": 18, "host": "WEBSC6601", "status": "ok", "message": null, "response": "{\"_ansible_parsed\": true, \"changed\": false, \"_ansible_verbose_override\": true, \"ansible_facts\": \"truncated_by_battuta\", \"_ansible_no_log\": false}"}}, {"model": "runner.result", "pk": 81, "fields": {"task": 18, "host": "APISC6601", "status": "ok", "message": null, "response": "{\"_ansible_parsed\": true, \"changed\": false, \"_ansible_verbose_override\": true, \"ansible_facts\": \"truncated_by_battuta\", \"_ansible_no_log\": false}"}}, {"model": "runner.result", "pk": 82, "fields": {"task": 18, "host": "SQLSC6601", "status": "ok", "message": null, "response": "{\"_ansible_parsed\": true, \"changed\": false, \"_ansible_verbose_override\": true, \"ansible_facts\": \"truncated_by_battuta\", \"_ansible_no_log\": false}"}}, {"model": "runner.result", "pk": 83, "fields": {"task": 18, "host": "WEBSC6602", "status": "ok", "message": null, "response": "{\"_ansible_parsed\": true, \"changed\": false, \"_ansible_verbose_override\": true, \"ansible_facts\": \"truncated_by_battuta\", \"_ansible_no_log\": false}"}}, {"model": "runner.result", "pk": 84, "fields": {"task": 19, "host": "APISC6601", "status": "ok", "message": "\"Windows 10.24.0.2\"", "response": "{\"msg\": \"Windows 10.24.0.2\", \"changed\": false, \"_ansible_verbose_always\": true, \"_ansible_no_log\": false}"}}, {"model": "runner.result", "pk": 85, "fields": {"task": 19, "host": "PDCSC6601", "status": "ok", "message": "\"Windows 10.24.0.2\"", "response": "{\"msg\": \"Windows 10.24.0.2\", \"changed\": false, \"_ansible_verbose_always\": true, \"_ansible_no_log\": false}"}}, {"model": "runner.result", "pk": 86, "fields": {"task": 19, "host": "BPOSC6601", "status": "ok", "message": "\"Windows 10.24.0.2\"", "response": "{\"msg\": \"Windows 10.24.0.2\", \"changed\": false, \"_ansible_verbose_always\": true, \"_ansible_no_log\": false}"}}, {"model": "runner.result", "pk": 87, "fields": {"task": 19, "host": "SQLSC6601", "status": "ok", "message": "\"Windows 10.24.0.2\"", "response": "{\"msg\": \"Windows 10.24.0.2\", \"changed\": false, \"_ansible_verbose_always\": true, \"_ansible_no_log\": false}"}}, {"model": "runner.result", "pk": 88, "fields": {"task": 19, "host": "WEBSC6601", "status": "ok", "message": "\"Windows 10.24.0.2\"", "response": "{\"msg\": \"Windows 10.24.0.2\", \"changed\": false, \"_ansible_verbose_always\": true, \"_ansible_no_log\": false}"}}, {"model": "runner.result", "pk": 89, "fields": {"task": 19, "host": "WEBSC6602", "status": "ok", "message": "\"Windows 10.24.0.2\"", "response": "{\"msg\": \"Windows 10.24.0.2\", \"changed\": false, \"_ansible_verbose_always\": true, \"_ansible_no_log\": false}"}}, {"model": "runner.result", "pk": 90, "fields": {"task": 20, "host": "PDCSC6601", "status": "ok", "message": null, "response": "{\"_ansible_parsed\": true, \"changed\": false, \"_ansible_verbose_override\": true, \"ansible_facts\": \"truncated_by_battuta\", \"_ansible_no_log\": false}"}}, {"model": "runner.result", "pk": 91, "fields": {"task": 21, "host": "PDCSC6601", "status": "failed", "message": "\"AnsibleUndefinedVariable: 'influxdb_server' is undefined\"", "response": "{\"msg\": \"AnsibleUndefinedVariable: 'influxdb_server' is undefined\", \"failed\": true, \"changed\": false, \"_ansible_no_log\": false}"}}, {"model": "runner.result", "pk": 92, "fields": {"task": 22, "host": "PDCSC6601", "status": "ok", "message": null, "response": "{\"_ansible_parsed\": true, \"changed\": false, \"_ansible_verbose_override\": true, \"ansible_facts\": \"truncated_by_battuta\", \"_ansible_no_log\": false}"}}, {"model": "runner.result", "pk": 93, "fields": {"task": 23, "host": "PDCSC6601", "status": "changed", "message": null, "response": "{\"_ansible_parsed\": true, \"src\": \"C:\\\\Users\\\\ansible\\\\AppData\\\\Local\\\\Temp\\\\ansible-tmp-1532719436.34-233763466117403\\\\source\", \"_ansible_no_log\": false, \"dest\": \"C:\\\\telegraf.conf\", \"checksum\": \"fc1c052427561e2c5391fa8325b507aec5e5380d\", \"changed\": true, \"original_basename\": \"source\", \"operation\": \"file_copy\", \"size\": 3128}"}}, {"model": "runner.result", "pk": 94, "fields": {"task": 24, "host": "PDCSC6601", "status": "ok", "message": null, "response": "{\"_ansible_parsed\": true, \"changed\": false, \"_ansible_verbose_override\": true, \"ansible_facts\": \"truncated_by_battuta\", \"_ansible_no_log\": false}"}}, {"model": "runner.result", "pk": 95, "fields": {"task": 25, "host": "PDCSC6601", "status": "ok", "message": null, "response": "{\"_ansible_parsed\": true, \"changed\": false, \"_ansible_no_log\": false}"}}, {"model": "preferences.item", "pk": 1, "fields": {"name": "aws_group", "value": ""}}, {"model": "preferences.item", "pk": 2, "fields": {"name": "use_ec2_facts", "value": "false"}}, {"model": "auth.permission", "pk": 1, "fields": {"name": "Can add log entry", "content_type": 1, "codename": "add_logentry"}}, {"model": "auth.permission", "pk": 2, "fields": {"name": "Can change log entry", "content_type": 1, "codename": "change_logentry"}}, {"model": "auth.permission", "pk": 3, "fields": {"name": "Can delete log entry", "content_type": 1, "codename": "delete_logentry"}}, {"model": "auth.permission", "pk": 4, "fields": {"name": "Can add group", "content_type": 2, "codename": "add_group"}}, {"model": "auth.permission", "pk": 5, "fields": {"name": "Can change group", "content_type": 2, "codename": "change_group"}}, {"model": "auth.permission", "pk": 6, "fields": {"name": "Can delete group", "content_type": 2, "codename": "delete_group"}}, {"model": "auth.permission", "pk": 7, "fields": {"name": "Can add permission", "content_type": 3, "codename": "add_permission"}}, {"model": "auth.permission", "pk": 8, "fields": {"name": "Can change permission", "content_type": 3, "codename": "change_permission"}}, {"model": "auth.permission", "pk": 9, "fields": {"name": "Can delete permission", "content_type": 3, "codename": "delete_permission"}}, {"model": "auth.permission", "pk": 10, "fields": {"name": "Can add user", "content_type": 4, "codename": "add_user"}}, {"model": "auth.permission", "pk": 11, "fields": {"name": "Can change user", "content_type": 4, "codename": "change_user"}}, {"model": "auth.permission", "pk": 12, "fields": {"name": "Can delete user", "content_type": 4, "codename": "delete_user"}}, {"model": "auth.permission", "pk": 13, "fields": {"name": "Can add content type", "content_type": 5, "codename": "add_contenttype"}}, {"model": "auth.permission", "pk": 14, "fields": {"name": "Can change content type", "content_type": 5, "codename": "change_contenttype"}}, {"model": "auth.permission", "pk": 15, "fields": {"name": "Can delete content type", "content_type": 5, "codename": "delete_contenttype"}}, {"model": "auth.permission", "pk": 16, "fields": {"name": "Can add group", "content_type": 6, "codename": "add_group"}}, {"model": "auth.permission", "pk": 17, "fields": {"name": "Can change group", "content_type": 6, "codename": "change_group"}}, {"model": "auth.permission", "pk": 18, "fields": {"name": "Can delete group", "content_type": 6, "codename": "delete_group"}}, {"model": "auth.permission", "pk": 19, "fields": {"name": "Can add host", "content_type": 7, "codename": "add_host"}}, {"model": "auth.permission", "pk": 20, "fields": {"name": "Can change host", "content_type": 7, "codename": "change_host"}}, {"model": "auth.permission", "pk": 21, "fields": {"name": "Can delete host", "content_type": 7, "codename": "delete_host"}}, {"model": "auth.permission", "pk": 22, "fields": {"name": "Can add variable", "content_type": 8, "codename": "add_variable"}}, {"model": "auth.permission", "pk": 23, "fields": {"name": "Can change variable", "content_type": 8, "codename": "change_variable"}}, {"model": "auth.permission", "pk": 24, "fields": {"name": "Can delete variable", "content_type": 8, "codename": "delete_variable"}}, {"model": "auth.permission", "pk": 25, "fields": {"name": "Can add item", "content_type": 9, "codename": "add_item"}}, {"model": "auth.permission", "pk": 26, "fields": {"name": "Can change item", "content_type": 9, "codename": "change_item"}}, {"model": "auth.permission", "pk": 27, "fields": {"name": "Can delete item", "content_type": 9, "codename": "delete_item"}}, {"model": "auth.permission", "pk": 28, "fields": {"name": "Can add project", "content_type": 10, "codename": "add_project"}}, {"model": "auth.permission", "pk": 29, "fields": {"name": "Can change project", "content_type": 10, "codename": "change_project"}}, {"model": "auth.permission", "pk": 30, "fields": {"name": "Can delete project", "content_type": 10, "codename": "delete_project"}}, {"model": "auth.permission", "pk": 31, "fields": {"name": "Can add ad hoc task", "content_type": 11, "codename": "add_adhoctask"}}, {"model": "auth.permission", "pk": 32, "fields": {"name": "Can change ad hoc task", "content_type": 11, "codename": "change_adhoctask"}}, {"model": "auth.permission", "pk": 33, "fields": {"name": "Can delete ad hoc task", "content_type": 11, "codename": "delete_adhoctask"}}, {"model": "auth.permission", "pk": 34, "fields": {"name": "Can add task", "content_type": 12, "codename": "add_task"}}, {"model": "auth.permission", "pk": 35, "fields": {"name": "Can change task", "content_type": 12, "codename": "change_task"}}, {"model": "auth.permission", "pk": 36, "fields": {"name": "Can delete task", "content_type": 12, "codename": "delete_task"}}, {"model": "auth.permission", "pk": 37, "fields": {"name": "Can add play", "content_type": 13, "codename": "add_play"}}, {"model": "auth.permission", "pk": 38, "fields": {"name": "Can change play", "content_type": 13, "codename": "change_play"}}, {"model": "auth.permission", "pk": 39, "fields": {"name": "Can delete play", "content_type": 13, "codename": "delete_play"}}, {"model": "auth.permission", "pk": 40, "fields": {"name": "Can add result", "content_type": 14, "codename": "add_result"}}, {"model": "auth.permission", "pk": 41, "fields": {"name": "Can change result", "content_type": 14, "codename": "change_result"}}, {"model": "auth.permission", "pk": 42, "fields": {"name": "Can delete result", "content_type": 14, "codename": "delete_result"}}, {"model": "auth.permission", "pk": 43, "fields": {"name": "Can add playbook args", "content_type": 15, "codename": "add_playbookargs"}}, {"model": "auth.permission", "pk": 44, "fields": {"name": "Can change playbook args", "content_type": 15, "codename": "change_playbookargs"}}, {"model": "auth.permission", "pk": 45, "fields": {"name": "Can delete playbook args", "content_type": 15, "codename": "delete_playbookargs"}}, {"model": "auth.permission", "pk": 46, "fields": {"name": "Can add job", "content_type": 16, "codename": "add_job"}}, {"model": "auth.permission", "pk": 47, "fields": {"name": "Can change job", "content_type": 16, "codename": "change_job"}}, {"model": "auth.permission", "pk": 48, "fields": {"name": "Can delete job", "content_type": 16, "codename": "delete_job"}}, {"model": "auth.permission", "pk": 49, "fields": {"name": "Can add session", "content_type": 17, "codename": "add_session"}}, {"model": "auth.permission", "pk": 50, "fields": {"name": "Can change session", "content_type": 17, "codename": "change_session"}}, {"model": "auth.permission", "pk": 51, "fields": {"name": "Can delete session", "content_type": 17, "codename": "delete_session"}}, {"model": "auth.permission", "pk": 52, "fields": {"name": "Can add group data", "content_type": 18, "codename": "add_groupdata"}}, {"model": "auth.permission", "pk": 53, "fields": {"name": "Can change group data", "content_type": 18, "codename": "change_groupdata"}}, {"model": "auth.permission", "pk": 54, "fields": {"name": "Can delete group data", "content_type": 18, "codename": "delete_groupdata"}}, {"model": "auth.permission", "pk": 55, "fields": {"name": "Can create and edit groups", "content_type": 18, "codename": "edit_groups"}}, {"model": "auth.permission", "pk": 56, "fields": {"name": "Can create and edit hosts", "content_type": 18, "codename": "edit_hosts"}}, {"model": "auth.permission", "pk": 57, "fields": {"name": "Can edit playbooks", "content_type": 18, "codename": "edit_playbooks"}}, {"model": "auth.permission", "pk": 58, "fields": {"name": "Can edit tasks", "content_type": 18, "codename": "edit_tasks"}}, {"model": "auth.permission", "pk": 59, "fields": {"name": "Can edit roles", "content_type": 18, "codename": "edit_roles"}}, {"model": "auth.permission", "pk": 60, "fields": {"name": "Can execute jobs", "content_type": 18, "codename": "execute_jobs"}}, {"model": "auth.permission", "pk": 61, "fields": {"name": "Can view job history", "content_type": 18, "codename": "view_job_history"}}, {"model": "auth.permission", "pk": 62, "fields": {"name": "Can create and edit files", "content_type": 18, "codename": "edit_files"}}, {"model": "auth.permission", "pk": 63, "fields": {"name": "Can create and edit users", "content_type": 18, "codename": "edit_users"}}, {"model": "auth.permission", "pk": 64, "fields": {"name": "Can create and edit user groups", "content_type": 18, "codename": "edit_user_groups"}}, {"model": "auth.permission", "pk": 65, "fields": {"name": "Can create and edit user files", "content_type": 18, "codename": "edit_user_files"}}, {"model": "auth.permission", "pk": 66, "fields": {"name": "Can edit preferences", "content_type": 18, "codename": "edit_preferences"}}, {"model": "auth.permission", "pk": 67, "fields": {"name": "Can add credential", "content_type": 19, "codename": "add_credential"}}, {"model": "auth.permission", "pk": 68, "fields": {"name": "Can change credential", "content_type": 19, "codename": "change_credential"}}, {"model": "auth.permission", "pk": 69, "fields": {"name": "Can delete credential", "content_type": 19, "codename": "delete_credential"}}, {"model": "auth.permission", "pk": 70, "fields": {"name": "Can add user data", "content_type": 20, "codename": "add_userdata"}}, {"model": "auth.permission", "pk": 71, "fields": {"name": "Can change user data", "content_type": 20, "codename": "change_userdata"}}, {"model": "auth.permission", "pk": 72, "fields": {"name": "Can delete user data", "content_type": 20, "codename": "delete_userdata"}}, {"model": "auth.permission", "pk": 73, "fields": {"name": "Can edit user group permissions", "content_type": 18, "codename": "edit_permissions"}}, {"model": "auth.permission", "pk": 74, "fields": {"name": "Can edit projects", "content_type": 18, "codename": "edit_projects"}}, {"model": "auth.group", "pk": 1, "fields": {"name": "Runner Admins", "permissions": [57, 59, 58, 60, 61]}}, {"model": "auth.group", "pk": 2, "fields": {"name": "Preferences Admins", "permissions": [66]}}, {"model": "auth.group", "pk": 3, "fields": {"name": "Inventory Admins", "permissions": [55, 56]}}, {"model": "auth.group", "pk": 4, "fields": {"name": "Users Admins", "permissions": [63, 65, 64]}}, {"model": "auth.group", "pk": 5, "fields": {"name": "File Admins", "permissions": [62]}}, {"model": "auth.group", "pk": 6, "fields": {"name": "System Admins", "permissions": [62, 55, 56, 73, 57, 66, 74, 59, 58, 63, 65, 64, 60, 61]}}, {"model": "auth.group", "pk": 7, "fields": {"name": "User Admins", "permissions": [73]}}, {"model": "auth.group", "pk": 8, "fields": {"name": "Project Admins", "permissions": [74, 63, 64]}}, {"model": "auth.user", "pk": 1, "fields": {"password": "pbkdf2_sha256$36000$9RMsUfYTsmAx$XFefG32/XErX8Ty3keNpz19dJQS6nQ+qLJjiKoLPlkw=", "last_login": "2018-07-28T19:36:53.804Z", "is_superuser": true, "username": "admin", "first_name": "", "last_name": "", "email": "", "is_staff": false, "is_active": true, "date_joined": "2018-07-23T15:30:33.898Z", "groups": [], "user_permissions": []}}, {"model": "auth.user", "pk": 2, "fields": {"password": "pbkdf2_sha256$36000$9FgKqVyLw9dN$u6z0KiieyUi+LB277fvZwcYNHvlyzYAC1F9V2umfNj0=", "last_login": "2018-07-23T19:10:23.539Z", "is_superuser": false, "username": "pedro.tonini", "first_name": "Pedro", "last_name": "Tonini", "email": "pedro.tonini@e-xyon.com.br", "is_staff": false, "is_active": true, "date_joined": "2018-07-23T18:44:43.900Z", "groups": [6], "user_permissions": []}}, {"model": "auth.user", "pk": 3, "fields": {"password": "pbkdf2_sha256$36000$yWzgLlHxPxud$XDzqhlKY6UtZprCDA/8m7aSSecz4Dbc/HYR5ZwI8oPE=", "last_login": null, "is_superuser": false, "username": "Rendson", "first_name": "", "last_name": "", "email": "", "is_staff": false, "is_active": true, "date_joined": "2018-07-24T22:03:04.233Z", "groups": [], "user_permissions": []}}, {"model": "users.credential", "pk": 1, "fields": {"user": 1, "title": "Default", "is_shared": false, "username": "admin", "password": "", "rsa_key": "", "sudo_user": "", "sudo_pass": "", "ask_pass": true, "ask_sudo_pass": true}}, {"model": "users.credential", "pk": 2, "fields": {"user": 2, "title": "Default", "is_shared": false, "username": "pedro.tonini", "password": "", "rsa_key": "", "sudo_user": "", "sudo_pass": "", "ask_pass": true, "ask_sudo_pass": true}}, {"model": "users.credential", "pk": 3, "fields": {"user": 3, "title": "Default", "is_shared": false, "username": "Rendson", "password": "", "rsa_key": "", "sudo_user": "", "sudo_pass": "", "ask_pass": true, "ask_sudo_pass": true}}, {"model": "users.userdata", "pk": 1, "fields": {"timezone": "America/Sao_Paulo", "default_cred": 1}}, {"model": "users.userdata", "pk": 2, "fields": {"timezone": "America/Sao_Paulo", "default_cred": 2}}, {"model": "users.userdata", "pk": 3, "fields": {"timezone": "America/Sao_Paulo", "default_cred": 3}}, {"model": "users.groupdata", "pk": 1, "fields": {"description": "", "editable": false}}, {"model": "users.groupdata", "pk": 2, "fields": {"description": "", "editable": false}}, {"model": "users.groupdata", "pk": 3, "fields": {"description": "", "editable": false}}, {"model": "users.groupdata", "pk": 4, "fields": {"description": "", "editable": false}}, {"model": "users.groupdata", "pk": 5, "fields": {"description": "", "editable": false}}, {"model": "users.groupdata", "pk": 6, "fields": {"description": "", "editable": false}}, {"model": "users.groupdata", "pk": 7, "fields": {"description": "", "editable": false}}, {"model": "users.groupdata", "pk": 8, "fields": {"description": "", "editable": false}}, {"model": "runner.job", "pk": 1, "fields": {"user": 1, "cred": 1, "is_running": false, "type": "playbook", "created_on": "2018-07-25T14:53:54.294Z", "name": "test_winpsexec.yml", "folder": null, "pid": 20580, "status": "finished with errors", "message": null, "tags": null, "skip_tags": null, "extra_vars": null, "subset": null, "check": false, "stats": "[[u'PDCSC6601', 0, 0, 1, 0, 0]]"}}, {"model": "runner.job", "pk": 2, "fields": {"user": 1, "cred": 1, "is_running": false, "type": "playbook", "created_on": "2018-07-25T15:20:55.024Z", "name": "test_winpsexec.yml", "folder": null, "pid": 20940, "status": "finished", "message": null, "tags": null, "skip_tags": null, "extra_vars": null, "subset": null, "check": false, "stats": "[[u'PDCSC6601', 1, 0, 0, 0, 0]]"}}, {"model": "runner.job", "pk": 3, "fields": {"user": 1, "cred": 1, "is_running": false, "type": "adhoc", "created_on": "2018-07-25T15:24:41.316Z", "name": "[adhoc task] win_ping", "folder": null, "pid": 21033, "status": "finished", "message": null, "tags": null, "skip_tags": null, "extra_vars": null, "subset": "all", "check": false, "stats": null}}, {"model": "runner.job", "pk": 4, "fields": {"user": 1, "cred": 1, "is_running": false, "type": "playbook", "created_on": "2018-07-25T15:25:13.660Z", "name": "test_winpsexec.yml", "folder": null, "pid": 21060, "status": "finished", "message": null, "tags": null, "skip_tags": null, "extra_vars": null, "subset": null, "check": false, "stats": "[[u'PDCSC6601', 1, 0, 0, 0, 0]]"}}, {"model": "runner.job", "pk": 5, "fields": {"user": 1, "cred": 1, "is_running": false, "type": "playbook", "created_on": "2018-07-25T16:00:25.072Z", "name": "test_winpsexec.yml", "folder": null, "pid": 21529, "status": "finished with errors", "message": null, "tags": null, "skip_tags": null, "extra_vars": null, "subset": null, "check": false, "stats": "[[u'BPOSC6601', 0, 0, 1, 0, 0], [u'PDCSC6601', 1, 0, 0, 0, 0], [u'APISC6601', 0, 0, 1, 0, 0], [u'WEBSC6601', 0, 0, 1, 0, 0], [u'SQLSC6601', 0, 0, 1, 0, 0], [u'WEBSC6602', 0, 0, 1, 0, 0]]"}}, {"model": "runner.job", "pk": 6, "fields": {"user": 1, "cred": 1, "is_running": false, "type": "playbook", "created_on": "2018-07-25T16:04:39.228Z", "name": "test_winpsexec.yml", "folder": null, "pid": 21611, "status": "finished", "message": null, "tags": "null", "skip_tags": "null", "extra_vars": "null", "subset": "null", "check": false, "stats": "[]"}}, {"model": "runner.job", "pk": 7, "fields": {"user": 1, "cred": 1, "is_running": false, "type": "playbook", "created_on": "2018-07-25T16:05:00.189Z", "name": "test_winpsexec.yml", "folder": null, "pid": 21630, "status": "finished with errors", "message": null, "tags": null, "skip_tags": null, "extra_vars": null, "subset": null, "check": false, "stats": "[[u'BPOSC6601', 0, 0, 1, 0, 0], [u'PDCSC6601', 0, 0, 1, 0, 0], [u'APISC6601', 1, 0, 0, 0, 0], [u'WEBSC6601', 0, 0, 1, 0, 0], [u'SQLSC6601', 0, 0, 1, 0, 0], [u'WEBSC6602', 0, 0, 1, 0, 0]]"}}, {"model": "runner.job", "pk": 8, "fields": {"user": 1, "cred": 1, "is_running": false, "type": "playbook", "created_on": "2018-07-25T16:05:54.783Z", "name": "test_winpsexec.yml", "folder": null, "pid": 21686, "status": "finished", "message": null, "tags": "null", "skip_tags": "null", "extra_vars": "null", "subset": "null", "check": false, "stats": "[]"}}, {"model": "runner.job", "pk": 9, "fields": {"user": 1, "cred": 1, "is_running": false, "type": "playbook", "created_on": "2018-07-25T16:07:34.069Z", "name": "test_winpsexec.yml", "folder": null, "pid": 21712, "status": "finished", "message": null, "tags": null, "skip_tags": null, "extra_vars": null, "subset": null, "check": false, "stats": "[[u'BPOSC6601', 1, 0, 0, 0, 0], [u'PDCSC6601', 1, 0, 0, 0, 0], [u'APISC6601', 1, 0, 0, 0, 0], [u'WEBSC6601', 1, 0, 0, 0, 0], [u'SQLSC6601', 1, 0, 0, 0, 0], [u'WEBSC6602', 1, 0, 0, 0, 0]]"}}, {"model": "runner.job", "pk": 10, "fields": {"user": 1, "cred": 1, "is_running": false, "type": "gather_facts", "created_on": "2018-07-25T16:37:35.849Z", "name": "Gather facts", "folder": null, "pid": 21989, "status": "finished with errors", "message": null, "tags": null, "skip_tags": null, "extra_vars": null, "subset": "all", "check": false, "stats": null}}, {"model": "runner.job", "pk": 11, "fields": {"user": 1, "cred": 1, "is_running": false, "type": "playbook", "created_on": "2018-07-27T18:56:09.121Z", "name": "deploy_telegraf.yml", "folder": null, "pid": 8677, "status": "failed", "message": "AnsibleParserError: Syntax Error while loading YAML.\n\n\nThe error appears to have been in '/opt/ans_data/roles/telegraf/tasks/main.yml': line 4, column 41, but may\nbe elsewhere in the file depending on the exact syntax problem.\n\nThe offending line appears to be:\n\n- debug:\n    - msg: {{ ansible_facts.os_family }}, {{ infludata_server }}\n                                        ^ here\nWe could be wrong, but this one looks like it might be an issue with\nmissing quotes.  Always quote template expression brackets when they\nstart a value. For instance:\n\n    with_items:\n      - {{ foo }}\n\nShould be written as:\n\n    with_items:\n      - \"{{ foo }}\"\n", "tags": null, "skip_tags": null, "extra_vars": null, "subset": null, "check": false, "stats": null}}, {"model": "runner.job", "pk": 12, "fields": {"user": 1, "cred": 1, "is_running": false, "type": "playbook", "created_on": "2018-07-27T18:57:02.112Z", "name": "deploy_telegraf.yml", "folder": null, "pid": 8703, "status": "failed", "message": "AnsibleParserError: unexpected parameter type in action: <class 'ansible.parsing.yaml.objects.AnsibleSequence'>\n\nThe error appears to have been in '/opt/ans_data/roles/telegraf/tasks/main.yml': line 3, column 3, but may\nbe elsewhere in the file depending on the exact syntax problem.\n\nThe offending line appears to be:\n\n\n- debug:\n  ^ here\n\n\nThe error appears to have been in '/opt/ans_data/roles/telegraf/tasks/main.yml': line 3, column 3, but may\nbe elsewhere in the file depending on the exact syntax problem.\n\nThe offending line appears to be:\n\n\n- debug:\n  ^ here\n", "tags": null, "skip_tags": null, "extra_vars": null, "subset": null, "check": false, "stats": null}}, {"model": "runner.job", "pk": 13, "fields": {"user": 1, "cred": 1, "is_running": false, "type": "playbook", "created_on": "2018-07-27T18:58:54.166Z", "name": "deploy_telegraf.yml", "folder": null, "pid": 8723, "status": "finished with errors", "message": null, "tags": null, "skip_tags": null, "extra_vars": null, "subset": null, "check": false, "stats": "[[u'BPOSC6601', 0, 0, 0, 1, 1], [u'PDCSC6601', 0, 0, 0, 1, 1], [u'APISC6601', 0, 0, 0, 1, 1], [u'WEBSC6601', 0, 0, 0, 1, 1], [u'SQLSC6601', 0, 0, 0, 1, 1], [u'WEBSC6602', 0, 0, 0, 1, 1]]"}}, {"model": "runner.job", "pk": 14, "fields": {"user": 1, "cred": 1, "is_running": false, "type": "playbook", "created_on": "2018-07-27T19:00:02.225Z", "name": "deploy_telegraf.yml", "folder": null, "pid": 8766, "status": "finished with errors", "message": null, "tags": null, "skip_tags": null, "extra_vars": null, "subset": null, "check": false, "stats": "[[u'BPOSC6601', 1, 0, 0, 1, 1], [u'PDCSC6601', 1, 0, 0, 1, 1], [u'APISC6601', 1, 0, 0, 1, 1], [u'WEBSC6601', 1, 0, 0, 1, 1], [u'SQLSC6601', 1, 0, 0, 1, 1], [u'WEBSC6602', 1, 0, 0, 1, 1]]"}}, {"model": "runner.job", "pk": 15, "fields": {"user": 1, "cred": 1, "is_running": false, "type": "playbook", "created_on": "2018-07-27T19:02:16.758Z", "name": "deploy_telegraf.yml", "folder": null, "pid": 8883, "status": "finished with errors", "message": null, "tags": null, "skip_tags": null, "extra_vars": null, "subset": null, "check": false, "stats": "[[u'BPOSC6601', 1, 0, 0, 1, 1], [u'PDCSC6601', 1, 0, 0, 1, 1], [u'APISC6601', 1, 0, 0, 1, 1], [u'WEBSC6601', 1, 0, 0, 1, 1], [u'SQLSC6601', 1, 0, 0, 1, 1], [u'WEBSC6602', 1, 0, 0, 1, 1]]"}}, {"model": "runner.job", "pk": 16, "fields": {"user": 1, "cred": 1, "is_running": false, "type": "playbook", "created_on": "2018-07-27T19:03:38.315Z", "name": "deploy_telegraf.yml", "folder": null, "pid": 8997, "status": "finished", "message": null, "tags": null, "skip_tags": null, "extra_vars": null, "subset": null, "check": false, "stats": "[[u'BPOSC6601', 2, 0, 0, 0, 0], [u'PDCSC6601', 2, 0, 0, 0, 0], [u'APISC6601', 2, 0, 0, 0, 0], [u'WEBSC6601', 2, 0, 0, 0, 0], [u'SQLSC6601', 2, 0, 0, 0, 0], [u'WEBSC6602', 2, 0, 0, 0, 0]]"}}, {"model": "runner.job", "pk": 17, "fields": {"user": 1, "cred": 1, "is_running": false, "type": "playbook", "created_on": "2018-07-27T19:05:53.270Z", "name": "deploy_telegraf.yml", "folder": null, "pid": 9141, "status": "canceled", "message": null, "tags": null, "skip_tags": null, "extra_vars": null, "subset": null, "check": false, "stats": null}}, {"model": "runner.job", "pk": 18, "fields": {"user": 1, "cred": 1, "is_running": false, "type": "playbook", "created_on": "2018-07-27T19:10:18.420Z", "name": "deploy_telegraf.yml", "folder": null, "pid": 9713, "status": "finished", "message": null, "tags": null, "skip_tags": null, "extra_vars": null, "subset": null, "check": false, "stats": "[[u'BPOSC6601', 2, 0, 0, 0, 0], [u'PDCSC6601', 2, 0, 0, 0, 0], [u'APISC6601', 2, 0, 0, 0, 0], [u'WEBSC6601', 2, 0, 0, 0, 0], [u'SQLSC6601', 2, 0, 0, 0, 0], [u'WEBSC6602', 2, 0, 0, 0, 0]]"}}, {"model": "runner.job", "pk": 19, "fields": {"user": 1, "cred": 1, "is_running": false, "type": "playbook", "created_on": "2018-07-27T19:21:19.523Z", "name": "deploy_telegraf.yml", "folder": null, "pid": 9920, "status": "finished with errors", "message": null, "tags": null, "skip_tags": null, "extra_vars": null, "subset": "PDCSC6601", "check": false, "stats": "[[u'PDCSC6601', 1, 0, 0, 1, 1]]"}}, {"model": "runner.job", "pk": 20, "fields": {"user": 1, "cred": 1, "is_running": false, "type": "playbook", "created_on": "2018-07-27T19:23:46.391Z", "name": "deploy_telegraf.yml", "folder": null, "pid": 9989, "status": "finished", "message": null, "tags": null, "skip_tags": null, "extra_vars": null, "subset": "PDCSC6601", "check": false, "stats": "[[u'PDCSC6601', 2, 1, 0, 0, 0]]"}}, {"model": "runner.job", "pk": 21, "fields": {"user": 1, "cred": 1, "is_running": false, "type": "playbook", "created_on": "2018-07-28T19:34:44.653Z", "name": "deploy_telegraf.yml", "folder": null, "pid": 19641, "status": "finished", "message": null, "tags": null, "skip_tags": null, "extra_vars": null, "subset": "PDCSC6601", "check": false, "stats": "[[u'PDCSC6601', 2, 0, 0, 0, 0]]"}}]