[{"model": "inventory.host", "pk": 201, "fields": {"name": "zn4-api0", "description": ""}}, {"model": "inventory.host", "pk": 202, "fields": {"name": "zn4-api1", "description": ""}}, {"model": "inventory.host", "pk": 203, "fields": {"name": "zn4-gwa-r", "description": ""}}, {"model": "inventory.host", "pk": 204, "fields": {"name": "zn4-gwa1", "description": ""}}, {"model": "inventory.host", "pk": 205, "fields": {"name": "zn4-gwa2", "description": ""}}, {"model": "inventory.host", "pk": 206, "fields": {"name": "zn4-gwa3", "description": ""}}, {"model": "inventory.host", "pk": 207, "fields": {"name": "zn4-gwa4", "description": ""}}, {"model": "inventory.host", "pk": 208, "fields": {"name": "zn4-gwa5", "description": ""}}, {"model": "inventory.host", "pk": 209, "fields": {"name": "zn4-mysql0", "description": ""}}, {"model": "inventory.host", "pk": 210, "fields": {"name": "zn4-mysql1", "description": ""}}, {"model": "inventory.host", "pk": 211, "fields": {"name": "zn4-nginx0", "description": ""}}, {"model": "inventory.host", "pk": 212, "fields": {"name": "zn4-rabbit-av0", "description": ""}}, {"model": "inventory.host", "pk": 213, "fields": {"name": "zn4-rabbit-av1", "description": ""}}, {"model": "inventory.host", "pk": 215, "fields": {"name": "zn4-rabbit-se1", "description": ""}}, {"model": "inventory.host", "pk": 216, "fields": {"name": "zn4-redis0", "description": ""}}, {"model": "inventory.host", "pk": 217, "fields": {"name": "zn4-rs0-a", "description": ""}}, {"model": "inventory.host", "pk": 218, "fields": {"name": "zn4-rs0-d0", "description": ""}}, {"model": "inventory.host", "pk": 219, "fields": {"name": "zn4-rs0-d1", "description": ""}}, {"model": "inventory.host", "pk": 220, "fields": {"name": "zn4-rs1-a", "description": ""}}, {"model": "inventory.host", "pk": 221, "fields": {"name": "zn4-rs1-d0", "description": ""}}, {"model": "inventory.host", "pk": 222, "fields": {"name": "zn4-rs1-d1", "description": ""}}, {"model": "inventory.host", "pk": 223, "fields": {"name": "zn4-rs2-a", "description": ""}}, {"model": "inventory.host", "pk": 224, "fields": {"name": "zn4-rs2-d0", "description": ""}}, {"model": "inventory.host", "pk": 225, "fields": {"name": "zn4-rs2-d1", "description": ""}}, {"model": "inventory.host", "pk": 226, "fields": {"name": "zn4-websocket0", "description": ""}}, {"model": "inventory.host", "pk": 227, "fields": {"name": "zn4-websocket1", "description": ""}}, {"model": "inventory.host", "pk": 229, "fields": {"name": "zn4-worker-a0", "description": ""}}, {"model": "inventory.host", "pk": 230, "fields": {"name": "zn4-worker-a1", "description": ""}}, {"model": "inventory.host", "pk": 231, "fields": {"name": "zn4-worker-a2", "description": ""}}, {"model": "inventory.host", "pk": 232, "fields": {"name": "zn4-worker-a3", "description": ""}}, {"model": "inventory.host", "pk": 233, "fields": {"name": "zn4-worker-a4", "description": ""}}, {"model": "inventory.host", "pk": 234, "fields": {"name": "zn4-worker-a5", "description": ""}}, {"model": "inventory.host", "pk": 235, "fields": {"name": "zn4-worker-aa", "description": ""}}, {"model": "inventory.host", "pk": 237, "fields": {"name": "zn4-worker-e0", "description": ""}}, {"model": "inventory.host", "pk": 238, "fields": {"name": "zn4-worker-e1", "description": ""}}, {"model": "inventory.host", "pk": 239, "fields": {"name": "zn4-worker-e2", "description": ""}}, {"model": "inventory.host", "pk": 240, "fields": {"name": "zn4-worker-e3", "description": ""}}, {"model": "inventory.host", "pk": 241, "fields": {"name": "zn4-worker-e4", "description": ""}}, {"model": "inventory.host", "pk": 242, "fields": {"name": "zn4-worker-e5", "description": ""}}, {"model": "inventory.host", "pk": 243, "fields": {"name": "zn4-worker-ra", "description": ""}}, {"model": "inventory.host", "pk": 244, "fields": {"name": "zn4-worker-rv", "description": ""}}, {"model": "inventory.host", "pk": 246, "fields": {"name": "zn4-worker-s0", "description": ""}}, {"model": "inventory.host", "pk": 247, "fields": {"name": "zn4-worker-s1", "description": ""}}, {"model": "inventory.host", "pk": 248, "fields": {"name": "zn4-worker-s2", "description": ""}}, {"model": "inventory.host", "pk": 249, "fields": {"name": "zn4-worker-s3", "description": ""}}, {"model": "inventory.host", "pk": 250, "fields": {"name": "zn4-worker-s4", "description": ""}}, {"model": "inventory.host", "pk": 251, "fields": {"name": "zn4-worker-s5", "description": ""}}, {"model": "inventory.host", "pk": 253, "fields": {"name": "zn4-worker-v0", "description": ""}}, {"model": "inventory.host", "pk": 254, "fields": {"name": "zn4-worker-v1", "description": ""}}, {"model": "inventory.host", "pk": 255, "fields": {"name": "zn4-worker-v2", "description": ""}}, {"model": "inventory.host", "pk": 256, "fields": {"name": "zn4-worker-v3", "description": ""}}, {"model": "inventory.host", "pk": 257, "fields": {"name": "zn4-worker-v4", "description": ""}}, {"model": "inventory.host", "pk": 258, "fields": {"name": "zn4-worker-v5", "description": ""}}, {"model": "inventory.host", "pk": 259, "fields": {"name": "zn5-api0", "description": ""}}, {"model": "inventory.host", "pk": 260, "fields": {"name": "zn5-api1", "description": ""}}, {"model": "inventory.host", "pk": 261, "fields": {"name": "zn5-gwa-r", "description": ""}}, {"model": "inventory.host", "pk": 262, "fields": {"name": "zn5-gwa1", "description": ""}}, {"model": "inventory.host", "pk": 263, "fields": {"name": "zn5-gwa2", "description": ""}}, {"model": "inventory.host", "pk": 264, "fields": {"name": "zn5-gwa3", "description": ""}}, {"model": "inventory.host", "pk": 265, "fields": {"name": "zn5-gwa4", "description": ""}}, {"model": "inventory.host", "pk": 266, "fields": {"name": "zn5-gwa5", "description": ""}}, {"model": "inventory.host", "pk": 267, "fields": {"name": "zn5-mysql0", "description": ""}}, {"model": "inventory.host", "pk": 268, "fields": {"name": "zn5-mysql1", "description": ""}}, {"model": "inventory.host", "pk": 269, "fields": {"name": "zn5-nginx0", "description": ""}}, {"model": "inventory.host", "pk": 271, "fields": {"name": "zn5-rabbit-av0", "description": ""}}, {"model": "inventory.host", "pk": 272, "fields": {"name": "zn5-rabbit-av1", "description": ""}}, {"model": "inventory.host", "pk": 275, "fields": {"name": "zn5-rabbit-se1", "description": ""}}, {"model": "inventory.host", "pk": 276, "fields": {"name": "zn5-redis0", "description": ""}}, {"model": "inventory.host", "pk": 277, "fields": {"name": "zn5-rs0-a", "description": ""}}, {"model": "inventory.host", "pk": 278, "fields": {"name": "zn5-rs0-d0", "description": ""}}, {"model": "inventory.host", "pk": 279, "fields": {"name": "zn5-rs0-d1", "description": ""}}, {"model": "inventory.host", "pk": 280, "fields": {"name": "zn5-rs1-a", "description": ""}}, {"model": "inventory.host", "pk": 281, "fields": {"name": "zn5-rs1-d0", "description": ""}}, {"model": "inventory.host", "pk": 282, "fields": {"name": "zn5-rs1-d1", "description": ""}}, {"model": "inventory.host", "pk": 283, "fields": {"name": "zn5-rs2-a", "description": ""}}, {"model": "inventory.host", "pk": 284, "fields": {"name": "zn5-rs2-d0", "description": ""}}, {"model": "inventory.host", "pk": 285, "fields": {"name": "zn5-rs2-d1", "description": ""}}, {"model": "inventory.host", "pk": 286, "fields": {"name": "zn5-websocket0", "description": ""}}, {"model": "inventory.host", "pk": 287, "fields": {"name": "zn5-websocket1", "description": ""}}, {"model": "inventory.host", "pk": 289, "fields": {"name": "zn5-worker-a0", "description": ""}}, {"model": "inventory.host", "pk": 290, "fields": {"name": "zn5-worker-a1", "description": ""}}, {"model": "inventory.host", "pk": 291, "fields": {"name": "zn5-worker-a2", "description": ""}}, {"model": "inventory.host", "pk": 292, "fields": {"name": "zn5-worker-a3", "description": ""}}, {"model": "inventory.host", "pk": 293, "fields": {"name": "zn5-worker-a4", "description": ""}}, {"model": "inventory.host", "pk": 294, "fields": {"name": "zn5-worker-a5", "description": ""}}, {"model": "inventory.host", "pk": 295, "fields": {"name": "zn5-worker-aa", "description": ""}}, {"model": "inventory.host", "pk": 297, "fields": {"name": "zn5-worker-e0", "description": ""}}, {"model": "inventory.host", "pk": 298, "fields": {"name": "zn5-worker-e1", "description": ""}}, {"model": "inventory.host", "pk": 299, "fields": {"name": "zn5-worker-e2", "description": ""}}, {"model": "inventory.host", "pk": 300, "fields": {"name": "zn5-worker-e3", "description": ""}}, {"model": "inventory.host", "pk": 301, "fields": {"name": "zn5-worker-e4", "description": ""}}, {"model": "inventory.host", "pk": 302, "fields": {"name": "zn5-worker-e5", "description": ""}}, {"model": "inventory.host", "pk": 303, "fields": {"name": "zn5-worker-ra", "description": ""}}, {"model": "inventory.host", "pk": 304, "fields": {"name": "zn5-worker-rv", "description": ""}}, {"model": "inventory.host", "pk": 306, "fields": {"name": "zn5-worker-s0", "description": ""}}, {"model": "inventory.host", "pk": 307, "fields": {"name": "zn5-worker-s1", "description": ""}}, {"model": "inventory.host", "pk": 308, "fields": {"name": "zn5-worker-s2", "description": ""}}, {"model": "inventory.host", "pk": 309, "fields": {"name": "zn5-worker-s3", "description": ""}}, {"model": "inventory.host", "pk": 310, "fields": {"name": "zn5-worker-s4", "description": ""}}, {"model": "inventory.host", "pk": 311, "fields": {"name": "zn5-worker-s5", "description": ""}}, {"model": "inventory.host", "pk": 313, "fields": {"name": "zn5-worker-v0", "description": ""}}, {"model": "inventory.host", "pk": 314, "fields": {"name": "zn5-worker-v1", "description": ""}}, {"model": "inventory.host", "pk": 315, "fields": {"name": "zn5-worker-v2", "description": ""}}, {"model": "inventory.host", "pk": 316, "fields": {"name": "zn5-worker-v3", "description": ""}}, {"model": "inventory.host", "pk": 317, "fields": {"name": "zn5-worker-v4", "description": ""}}, {"model": "inventory.host", "pk": 318, "fields": {"name": "zn5-worker-v5", "description": ""}}, {"model": "inventory.host", "pk": 319, "fields": {"name": "znd-api0", "description": ""}}, {"model": "inventory.host", "pk": 320, "fields": {"name": "znd-gwa-r", "description": ""}}, {"model": "inventory.host", "pk": 321, "fields": {"name": "znd-gwa1", "description": ""}}, {"model": "inventory.host", "pk": 322, "fields": {"name": "znd-gwa2", "description": ""}}, {"model": "inventory.host", "pk": 323, "fields": {"name": "znd-mysql0", "description": ""}}, {"model": "inventory.host", "pk": 324, "fields": {"name": "znd-nginx0", "description": ""}}, {"model": "inventory.host", "pk": 325, "fields": {"name": "znd-rabbit-av0", "description": ""}}, {"model": "inventory.host", "pk": 327, "fields": {"name": "znd-redis0", "description": ""}}, {"model": "inventory.host", "pk": 328, "fields": {"name": "znd-rs0-a", "description": ""}}, {"model": "inventory.host", "pk": 329, "fields": {"name": "znd-rs0-d0", "description": ""}}, {"model": "inventory.host", "pk": 330, "fields": {"name": "znd-rs0-d1", "description": ""}}, {"model": "inventory.host", "pk": 331, "fields": {"name": "znd-websocket0", "description": ""}}, {"model": "inventory.host", "pk": 332, "fields": {"name": "znd-worker-a0", "description": ""}}, {"model": "inventory.host", "pk": 333, "fields": {"name": "znd-worker-a1", "description": ""}}, {"model": "inventory.host", "pk": 334, "fields": {"name": "znd-worker-a2", "description": ""}}, {"model": "inventory.host", "pk": 335, "fields": {"name": "znd-worker-a3", "description": ""}}, {"model": "inventory.host", "pk": 336, "fields": {"name": "znd-worker-aa", "description": ""}}, {"model": "inventory.host", "pk": 337, "fields": {"name": "znd-worker-e0", "description": ""}}, {"model": "inventory.host", "pk": 338, "fields": {"name": "znd-worker-e1", "description": ""}}, {"model": "inventory.host", "pk": 339, "fields": {"name": "znd-worker-e2", "description": ""}}, {"model": "inventory.host", "pk": 340, "fields": {"name": "znd-worker-e3", "description": ""}}, {"model": "inventory.host", "pk": 341, "fields": {"name": "znd-worker-ra", "description": ""}}, {"model": "inventory.host", "pk": 342, "fields": {"name": "znd-worker-rv", "description": ""}}, {"model": "inventory.host", "pk": 343, "fields": {"name": "znd-worker-s0", "description": ""}}, {"model": "inventory.host", "pk": 344, "fields": {"name": "znd-worker-s1", "description": ""}}, {"model": "inventory.host", "pk": 345, "fields": {"name": "znd-worker-s2", "description": ""}}, {"model": "inventory.host", "pk": 346, "fields": {"name": "znd-worker-s3", "description": ""}}, {"model": "inventory.host", "pk": 347, "fields": {"name": "znd-worker-v0", "description": ""}}, {"model": "inventory.host", "pk": 348, "fields": {"name": "znd-worker-v1", "description": ""}}, {"model": "inventory.host", "pk": 349, "fields": {"name": "znd-worker-v2", "description": ""}}, {"model": "inventory.host", "pk": 350, "fields": {"name": "znd-worker-v3", "description": ""}}, {"model": "inventory.host", "pk": 351, "fields": {"name": "znh-api0", "description": ""}}, {"model": "inventory.host", "pk": 352, "fields": {"name": "znh-gwa-r", "description": ""}}, {"model": "inventory.host", "pk": 353, "fields": {"name": "znh-gwa1", "description": ""}}, {"model": "inventory.host", "pk": 354, "fields": {"name": "znh-mysql0", "description": ""}}, {"model": "inventory.host", "pk": 355, "fields": {"name": "znh-nginx0", "description": ""}}, {"model": "inventory.host", "pk": 356, "fields": {"name": "znh-rabbit-av0", "description": ""}}, {"model": "inventory.host", "pk": 357, "fields": {"name": "znh-rabbit-se0", "description": ""}}, {"model": "inventory.host", "pk": 358, "fields": {"name": "znh-redis0", "description": ""}}, {"model": "inventory.host", "pk": 359, "fields": {"name": "znh-rs0-a", "description": ""}}, {"model": "inventory.host", "pk": 360, "fields": {"name": "znh-rs0-d0", "description": ""}}, {"model": "inventory.host", "pk": 361, "fields": {"name": "znh-rs0-d1", "description": ""}}, {"model": "inventory.host", "pk": 362, "fields": {"name": "znh-websocket0", "description": ""}}, {"model": "inventory.host", "pk": 363, "fields": {"name": "znh-worker-a0", "description": ""}}, {"model": "inventory.host", "pk": 364, "fields": {"name": "znh-worker-a1", "description": ""}}, {"model": "inventory.host", "pk": 365, "fields": {"name": "znh-worker-a2", "description": ""}}, {"model": "inventory.host", "pk": 366, "fields": {"name": "znh-worker-aa", "description": ""}}, {"model": "inventory.host", "pk": 367, "fields": {"name": "znh-worker-e0", "description": ""}}, {"model": "inventory.host", "pk": 368, "fields": {"name": "znh-worker-e1", "description": ""}}, {"model": "inventory.host", "pk": 369, "fields": {"name": "znh-worker-e2", "description": ""}}, {"model": "inventory.host", "pk": 370, "fields": {"name": "znh-worker-ra", "description": ""}}, {"model": "inventory.host", "pk": 371, "fields": {"name": "znh-worker-rv", "description": ""}}, {"model": "inventory.host", "pk": 372, "fields": {"name": "znh-worker-s0", "description": ""}}, {"model": "inventory.host", "pk": 373, "fields": {"name": "znh-worker-s1", "description": ""}}, {"model": "inventory.host", "pk": 374, "fields": {"name": "znh-worker-s2", "description": ""}}, {"model": "inventory.host", "pk": 375, "fields": {"name": "znh-worker-v0", "description": ""}}, {"model": "inventory.host", "pk": 376, "fields": {"name": "znh-worker-v1", "description": ""}}, {"model": "inventory.host", "pk": 377, "fields": {"name": "znh-worker-v2", "description": ""}}, {"model": "inventory.host", "pk": 378, "fields": {"name": "zns-api-admin0", "description": ""}}, {"model": "inventory.host", "pk": 379, "fields": {"name": "zns-api-sso0", "description": ""}}, {"model": "inventory.host", "pk": 380, "fields": {"name": "zns-mysql0", "description": ""}}, {"model": "inventory.host", "pk": 381, "fields": {"name": "zns-nginx0", "description": ""}}, {"model": "inventory.host", "pk": 382, "fields": {"name": "zns-report0", "description": ""}}, {"model": "inventory.host", "pk": 383, "fields": {"name": "znsd-api-admin0", "description": ""}}, {"model": "inventory.host", "pk": 384, "fields": {"name": "znsd-api-sso0", "description": ""}}, {"model": "inventory.host", "pk": 385, "fields": {"name": "znsd-mysql0", "description": ""}}, {"model": "inventory.host", "pk": 386, "fields": {"name": "znsd-nginx0", "description": ""}}, {"model": "inventory.host", "pk": 387, "fields": {"name": "znsd-report0", "description": ""}}, {"model": "inventory.host", "pk": 388, "fields": {"name": "nagios-server", "description": ""}}, {"model": "inventory.host", "pk": 389, "fields": {"name": "zns-monitor", "description": ""}}, {"model": "inventory.host", "pk": 390, "fields": {"name": "znsd-monitor", "description": ""}}, {"model": "inventory.host", "pk": 394, "fields": {"name": "m2m-bastion-gwa", "description": ""}}, {"model": "inventory.host", "pk": 395, "fields": {"name": "zn4-worker-int", "description": ""}}, {"model": "inventory.host", "pk": 396, "fields": {"name": "zn5-worker-int", "description": ""}}, {"model": "inventory.host", "pk": 397, "fields": {"name": "znd-worker-int", "description": ""}}, {"model": "inventory.host", "pk": 398, "fields": {"name": "znh-worker-rep", "description": ""}}, {"model": "inventory.host", "pk": 399, "fields": {"name": "znd-worker-rep", "description": ""}}, {"model": "inventory.host", "pk": 400, "fields": {"name": "zn4-worker-rep", "description": ""}}, {"model": "inventory.host", "pk": 401, "fields": {"name": "zn5-worker-rep", "description": ""}}, {"model": "inventory.group", "pk": 14, "fields": {"name": "cfg-gwa-r", "description": "", "children": [], "members": [203, 261, 320, 352]}}, {"model": "inventory.group", "pk": 15, "fields": {"name": "cfg-gwa-t", "description": "", "children": [], "members": [204, 205, 206, 207, 208, 262, 263, 264, 265, 266, 321, 322, 353]}}, {"model": "inventory.group", "pk": 18, "fields": {"name": "zn4", "description": "", "children": [], "members": [201, 202, 203, 204, 205, 206, 207, 208, 209, 210, 211, 212, 213, 215, 216, 217, 218, 219, 220, 221, 222, 223, 224, 225, 226, 227, 229, 230, 231, 232, 233, 234, 235, 237, 238, 239, 240, 241, 242, 243, 244, 246, 247, 248, 249, 250, 251, 253, 254, 255, 256, 257, 258, 395, 400]}}, {"model": "inventory.group", "pk": 19, "fields": {"name": "zn5", "description": "", "children": [], "members": [259, 260, 261, 262, 263, 264, 265, 266, 267, 268, 269, 271, 272, 275, 276, 277, 278, 279, 280, 281, 282, 283, 284, 285, 286, 287, 289, 290, 291, 292, 293, 294, 295, 297, 298, 299, 300, 301, 302, 303, 304, 306, 307, 308, 309, 310, 311, 313, 314, 315, 316, 317, 318, 396, 401]}}, {"model": "inventory.group", "pk": 20, "fields": {"name": "znh", "description": "", "children": [], "members": [351, 352, 353, 354, 355, 356, 357, 358, 359, 360, 361, 362, 363, 364, 365, 366, 367, 368, 369, 370, 371, 372, 373, 374, 375, 376, 377, 398]}}, {"model": "inventory.group", "pk": 21, "fields": {"name": "znd", "description": "", "children": [], "members": [319, 320, 321, 322, 323, 324, 325, 327, 328, 329, 330, 331, 332, 333, 334, 335, 336, 337, 338, 339, 340, 341, 342, 343, 344, 345, 346, 347, 348, 349, 350, 397, 399]}}, {"model": "inventory.group", "pk": 24, "fields": {"name": "app-mongos", "description": "", "children": [], "members": [204, 205, 206, 207, 208, 229, 230, 231, 232, 233, 234, 235, 237, 238, 239, 240, 241, 242, 243, 244, 246, 247, 248, 249, 250, 251, 253, 254, 255, 256, 257, 258, 262, 263, 264, 265, 266, 289, 290, 291, 292, 293, 294, 295, 297, 298, 299, 300, 301, 302, 303, 304, 306, 307, 308, 309, 310, 311, 313, 314, 315, 316, 317, 318, 321, 322, 332, 333, 334, 335, 336, 337, 338, 339, 340, 341, 342, 343, 344, 345, 346, 347, 348, 349, 350, 353, 363, 364, 365, 366, 367, 368, 369, 370, 371, 372, 373, 374, 375, 376, 377, 395, 396, 397, 398, 399, 400, 401]}}, {"model": "inventory.group", "pk": 25, "fields": {"name": "frotaweb", "description": "", "children": [131, 132, 138], "members": []}}, {"model": "inventory.group", "pk": 26, "fields": {"name": "zns", "description": "", "children": [], "members": [378, 379, 380, 381, 382, 389]}}, {"model": "inventory.group", "pk": 27, "fields": {"name": "znsd", "description": "", "children": [], "members": [383, 384, 385, 386, 387, 390]}}, {"model": "inventory.group", "pk": 28, "fields": {"name": "app-mongoc", "description": "", "children": [], "members": [217, 220, 223, 277, 280, 283, 328, 359]}}, {"model": "inventory.group", "pk": 29, "fields": {"name": "app-mongod", "description": "", "children": [], "members": [217, 218, 219, 220, 221, 222, 223, 224, 225, 277, 278, 279, 280, 281, 282, 283, 284, 285, 328, 329, 330, 359, 360, 361]}}, {"model": "inventory.group", "pk": 30, "fields": {"name": "cfg-worker-a", "description": "", "children": [], "members": [229, 230, 231, 232, 233, 234, 289, 290, 291, 292, 293, 294, 332, 333, 334, 335, 363, 364, 365]}}, {"model": "inventory.group", "pk": 31, "fields": {"name": "cfg-worker-v", "description": "", "children": [], "members": [253, 254, 255, 256, 257, 258, 313, 314, 315, 316, 317, 318, 347, 348, 349, 350, 375, 376, 377]}}, {"model": "inventory.group", "pk": 32, "fields": {"name": "cfg-worker-s", "description": "", "children": [], "members": [246, 247, 248, 249, 250, 251, 306, 307, 308, 309, 310, 311, 343, 344, 345, 346, 372, 373, 374]}}, {"model": "inventory.group", "pk": 33, "fields": {"name": "cfg-worker-e", "description": "", "children": [], "members": [237, 238, 239, 240, 241, 242, 297, 298, 299, 300, 301, 302, 337, 338, 339, 340, 367, 368, 369]}}, {"model": "inventory.group", "pk": 34, "fields": {"name": "cfg-worker-ra", "description": "", "children": [], "members": [243, 303, 341, 370]}}, {"model": "inventory.group", "pk": 35, "fields": {"name": "cfg-worker-rv", "description": "", "children": [], "members": [244, 304, 342, 371]}}, {"model": "inventory.group", "pk": 36, "fields": {"name": "cfg-worker-aa", "description": "", "children": [], "members": [235, 295, 336, 366]}}, {"model": "inventory.group", "pk": 40, "fields": {"name": "app-mysql", "description": "", "children": [], "members": [209, 210, 267, 268, 323, 354, 380, 385]}}, {"model": "inventory.group", "pk": 41, "fields": {"name": "app-nginx", "description": "", "children": [150, 152, 154, 158], "members": []}}, {"model": "inventory.group", "pk": 42, "fields": {"name": "app-rabbitmq", "description": "", "children": [], "members": [212, 213, 215, 271, 272, 275, 325, 356, 357]}}, {"model": "inventory.group", "pk": 131, "fields": {"name": "production", "description": "", "children": [18, 19, 26], "members": []}}, {"model": "inventory.group", "pk": 132, "fields": {"name": "testing", "description": "", "children": [21, 27], "members": []}}, {"model": "inventory.group", "pk": 133, "fields": {"name": "all", "description": "", "children": [], "members": []}}, {"model": "inventory.group", "pk": 135, "fields": {"name": "app-java", "description": "", "children": [136, 139, 144, 151, 156], "members": []}}, {"model": "inventory.group", "pk": 136, "fields": {"name": "m2m-adapter", "description": "", "children": [], "members": [203, 204, 205, 206, 207, 208, 261, 262, 263, 264, 265, 266, 320, 321, 322, 352, 353]}}, {"model": "inventory.group", "pk": 137, "fields": {"name": "m2m-admin-api", "description": "", "children": [], "members": [378, 383]}}, {"model": "inventory.group", "pk": 138, "fields": {"name": "development", "description": "", "children": [20], "members": []}}, {"model": "inventory.group", "pk": 139, "fields": {"name": "m2m-worker", "description": "", "children": [], "members": [229, 230, 231, 232, 233, 234, 235, 237, 238, 239, 240, 241, 242, 243, 244, 246, 247, 248, 249, 250, 251, 253, 254, 255, 256, 257, 258, 289, 290, 291, 292, 293, 294, 295, 297, 298, 299, 300, 301, 302, 303, 304, 306, 307, 308, 309, 310, 311, 313, 314, 315, 316, 317, 318, 332, 333, 334, 335, 336, 337, 338, 339, 340, 341, 342, 343, 344, 345, 346, 347, 348, 349, 350, 363, 364, 365, 366, 367, 368, 369, 370, 371, 372, 373, 374, 375, 376, 377]}}, {"model": "inventory.group", "pk": 141, "fields": {"name": "misc", "description": "", "children": [], "members": [388, 394]}}, {"model": "inventory.group", "pk": 142, "fields": {"name": "mxt-gateway", "description": "", "children": [], "members": [203, 204, 205, 206, 207, 208, 261, 262, 263, 264, 265, 266, 320, 321, 322, 352, 353]}}, {"model": "inventory.group", "pk": 144, "fields": {"name": "m2m-worker-int", "description": "", "children": [], "members": [395, 396, 397]}}, {"model": "inventory.group", "pk": 145, "fields": {"name": "app-nodejs", "description": "", "children": [137, 146, 147, 148, 157], "members": []}}, {"model": "inventory.group", "pk": 146, "fields": {"name": "m2m-api", "description": "", "children": [], "members": [201, 202, 259, 260, 319, 351]}}, {"model": "inventory.group", "pk": 147, "fields": {"name": "m2m-websocket", "description": "", "children": [], "members": [226, 227, 286, 287, 331, 362]}}, {"model": "inventory.group", "pk": 148, "fields": {"name": "m2m-sso-api", "description": "", "children": [], "members": [379, 384]}}, {"model": "inventory.group", "pk": 149, "fields": {"name": "app-redis", "description": "", "children": [], "members": [204, 205, 206, 207, 208, 216, 218, 262, 263, 264, 265, 266, 276, 321, 322, 327, 353, 358, 382]}}, {"model": "inventory.group", "pk": 150, "fields": {"name": "m2m-admin-web", "description": "", "children": [], "members": [381, 386]}}, {"model": "inventory.group", "pk": 151, "fields": {"name": "m2m-monitoria", "description": "", "children": [], "members": [389, 390]}}, {"model": "inventory.group", "pk": 152, "fields": {"name": "m2m-painel-web", "description": "", "children": [], "members": [211, 269, 324, 355]}}, {"model": "inventory.group", "pk": 154, "fields": {"name": "m2m-web", "description": "", "children": [], "members": [211, 269, 324, 355]}}, {"model": "inventory.group", "pk": 155, "fields": {"name": "app-mongodb", "description": "", "children": [24, 28, 29], "members": []}}, {"model": "inventory.group", "pk": 156, "fields": {"name": "m2m-worker-rep", "description": "", "children": [], "members": [398, 399, 400, 401]}}, {"model": "inventory.group", "pk": 157, "fields": {"name": "app-jsreport", "description": "", "children": [], "members": [382, 387]}}, {"model": "inventory.group", "pk": 158, "fields": {"name": "m2m-sso-web", "description": "", "children": [], "members": [381, 386]}}, {"model": "inventory.variable", "pk": 25, "fields": {"key": "api0", "value": "zn5-api0", "host": null, "group": 19}}, {"model": "inventory.variable", "pk": 26, "fields": {"key": "api1", "value": "zn5-api1", "host": null, "group": 19}}, {"model": "inventory.variable", "pk": 27, "fields": {"key": "rabbit_av", "value": "zn5-rabbit-av0", "host": null, "group": 19}}, {"model": "inventory.variable", "pk": 29, "fields": {"key": "websocket0", "value": " zn5-websocket0", "host": null, "group": 19}}, {"model": "inventory.variable", "pk": 32, "fields": {"key": "redis", "value": "zn5-redis0", "host": null, "group": 19}}, {"model": "inventory.variable", "pk": 33, "fields": {"key": "mysql", "value": "zn5-mysql0", "host": null, "group": 19}}, {"model": "inventory.variable", "pk": 34, "fields": {"key": "nginx", "value": "zn5-nginx0", "host": null, "group": 19}}, {"model": "inventory.variable", "pk": 35, "fields": {"key": "application_url", "value": "zn5.m2mcontrol.com.br", "host": null, "group": 19}}, {"model": "inventory.variable", "pk": 36, "fields": {"key": "websocket_url", "value": "websocket.zn5.m2mcontrol.com.br", "host": null, "group": 19}}, {"model": "inventory.variable", "pk": 37, "fields": {"key": "api0", "value": "zn4-api0", "host": null, "group": 18}}, {"model": "inventory.variable", "pk": 38, "fields": {"key": "api1", "value": "zn4-api1", "host": null, "group": 18}}, {"model": "inventory.variable", "pk": 39, "fields": {"key": "rabbit_av", "value": "zn4-rabbit-av0", "host": null, "group": 18}}, {"model": "inventory.variable", "pk": 40, "fields": {"key": "rabbit_se", "value": "zn4-rabbit-av0", "host": null, "group": 18}}, {"model": "inventory.variable", "pk": 41, "fields": {"key": "websocket0", "value": "zn4-websocket0", "host": null, "group": 18}}, {"model": "inventory.variable", "pk": 42, "fields": {"key": "websocket1", "value": "zn4-websocket1", "host": null, "group": 18}}, {"model": "inventory.variable", "pk": 43, "fields": {"key": "redis", "value": "zn4-redis0", "host": null, "group": 18}}, {"model": "inventory.variable", "pk": 45, "fields": {"key": "mysql", "value": "zn4-mysql0", "host": null, "group": 18}}, {"model": "inventory.variable", "pk": 46, "fields": {"key": "nginx", "value": "zn4-nginx0", "host": null, "group": 18}}, {"model": "inventory.variable", "pk": 47, "fields": {"key": "application_url", "value": "zn4.m2mcontrol.com.br", "host": null, "group": 18}}, {"model": "inventory.variable", "pk": 48, "fields": {"key": "websocket_url", "value": "websocket.zn4.m2mcontrol.com.br", "host": null, "group": 18}}, {"model": "inventory.variable", "pk": 49, "fields": {"key": "mongo_cfg", "value": "zn5-rs0-a:27019,zn5-rs1-a:27019,zn5-rs2-a:27019", "host": null, "group": 19}}, {"model": "inventory.variable", "pk": 50, "fields": {"key": "mongo_cfg", "value": "zn4-rs0-a:27019,zn4-rs1-a:27019,zn4-rs2-a:27019", "host": null, "group": 18}}, {"model": "inventory.variable", "pk": 51, "fields": {"key": "api0", "value": "znd-api0", "host": null, "group": 21}}, {"model": "inventory.variable", "pk": 52, "fields": {"key": "api1", "value": "znd-api0", "host": null, "group": 21}}, {"model": "inventory.variable", "pk": 59, "fields": {"key": "rabbit_av", "value": " znd-rabbit-av0", "host": null, "group": 21}}, {"model": "inventory.variable", "pk": 60, "fields": {"key": "rabbit_se", "value": "znd-rabbit-av0", "host": null, "group": 21}}, {"model": "inventory.variable", "pk": 61, "fields": {"key": "websocket0", "value": "znd-websocket0", "host": null, "group": 21}}, {"model": "inventory.variable", "pk": 62, "fields": {"key": "websocket1", "value": "znd-websocket1", "host": null, "group": 21}}, {"model": "inventory.variable", "pk": 63, "fields": {"key": "redis", "value": "znd-redis0", "host": null, "group": 21}}, {"model": "inventory.variable", "pk": 64, "fields": {"key": "mysql", "value": "znd-mysql0", "host": null, "group": 21}}, {"model": "inventory.variable", "pk": 65, "fields": {"key": "nginx", "value": "znd-nginx0", "host": null, "group": 21}}, {"model": "inventory.variable", "pk": 66, "fields": {"key": "application_url", "value": "znd.m2mcontrol.com.br", "host": null, "group": 21}}, {"model": "inventory.variable", "pk": 67, "fields": {"key": "websocket_url", "value": "websocket.znd.m2mcontrol.com.br", "host": null, "group": 21}}, {"model": "inventory.variable", "pk": 68, "fields": {"key": "mongo_cfg", "value": "znd-rs0-a:27019", "host": null, "group": 21}}, {"model": "inventory.variable", "pk": 69, "fields": {"key": "api0", "value": "znh-api0", "host": null, "group": 20}}, {"model": "inventory.variable", "pk": 70, "fields": {"key": "api1", "value": "znh-api0", "host": null, "group": 20}}, {"model": "inventory.variable", "pk": 71, "fields": {"key": "rabbit_av", "value": "znh-rabbit-av0", "host": null, "group": 20}}, {"model": "inventory.variable", "pk": 72, "fields": {"key": "rabbit_se", "value": "znh-rabbit-av0", "host": null, "group": 20}}, {"model": "inventory.variable", "pk": 73, "fields": {"key": "websocket0", "value": "znh-websocket0", "host": null, "group": 20}}, {"model": "inventory.variable", "pk": 74, "fields": {"key": "websocket1", "value": "znh-websocket0", "host": null, "group": 20}}, {"model": "inventory.variable", "pk": 75, "fields": {"key": "redis", "value": "znh-redis0", "host": null, "group": 20}}, {"model": "inventory.variable", "pk": 76, "fields": {"key": "mysql", "value": "znh-mysql0", "host": null, "group": 20}}, {"model": "inventory.variable", "pk": 80, "fields": {"key": "nginx", "value": "znh-nginx0", "host": null, "group": 20}}, {"model": "inventory.variable", "pk": 81, "fields": {"key": "application_url", "value": "znh.m2mcontrol.com.br", "host": null, "group": 20}}, {"model": "inventory.variable", "pk": 82, "fields": {"key": "websocket_url", "value": "websocket.znh.m2mcontrol.com.br", "host": null, "group": 20}}, {"model": "inventory.variable", "pk": 83, "fields": {"key": "redis", "value": "zns-report0", "host": null, "group": 26}}, {"model": "inventory.variable", "pk": 84, "fields": {"key": "mysql", "value": "zns-mysql0", "host": null, "group": 26}}, {"model": "inventory.variable", "pk": 87, "fields": {"key": "report", "value": "172.16.195.6", "host": null, "group": 26}}, {"model": "inventory.variable", "pk": 88, "fields": {"key": "sso-api", "value": "zns-sso_api0", "host": null, "group": 26}}, {"model": "inventory.variable", "pk": 89, "fields": {"key": "admin_api", "value": "zns-api-admin0", "host": null, "group": 26}}, {"model": "inventory.variable", "pk": 94, "fields": {"key": "redis", "value": "znsd-report0", "host": null, "group": 27}}, {"model": "inventory.variable", "pk": 95, "fields": {"key": "mysql", "value": "znsd-mysql0", "host": null, "group": 27}}, {"model": "inventory.variable", "pk": 96, "fields": {"key": "report", "value": "172.16.196.37", "host": null, "group": 27}}, {"model": "inventory.variable", "pk": 97, "fields": {"key": "sso-api", "value": "znsd-api-sso0", "host": null, "group": 27}}, {"model": "inventory.variable", "pk": 104, "fields": {"key": "ansible_ssh_host", "value": "104.130.127.61", "host": 388, "group": null}}, {"model": "inventory.variable", "pk": 105, "fields": {"key": "ansible_ssh_user", "value": "root", "host": 388, "group": null}}, {"model": "inventory.variable", "pk": 106, "fields": {"key": "newrelic_key", "value": "e242e4d7f18adaf8195638827998092b892684f4", "host": null, "group": 25}}, {"model": "inventory.variable", "pk": 108, "fields": {"key": "java_version", "value": "oracle-java8", "host": null, "group": 135}}, {"model": "inventory.variable", "pk": 124, "fields": {"key": "service_name", "value": "m2m-admin-api", "host": null, "group": 137}}, {"model": "inventory.variable", "pk": 125, "fields": {"key": "service_file", "value": "server.js", "host": null, "group": 137}}, {"model": "inventory.variable", "pk": 126, "fields": {"key": "service_repo", "value": "git@bitbucket.org:m2msolutions/m2m-admin-api.git", "host": null, "group": 137}}, {"model": "inventory.variable", "pk": 127, "fields": {"key": "service_pidfile", "value": "m2m-admin-api.pid", "host": null, "group": 137}}, {"model": "inventory.variable", "pk": 128, "fields": {"key": "service_port", "value": "3000", "host": null, "group": 137}}, {"model": "inventory.variable", "pk": 129, "fields": {"key": "service_is_java", "value": "False", "host": null, "group": 137}}, {"model": "inventory.variable", "pk": 130, "fields": {"key": "service_owner", "value": "root", "host": null, "group": 137}}, {"model": "inventory.variable", "pk": 138, "fields": {"key": "nagios_contactgroups", "value": "production", "host": null, "group": 131}}, {"model": "inventory.variable", "pk": 139, "fields": {"key": "nagios_contactgroups", "value": "development", "host": null, "group": 138}}, {"model": "inventory.variable", "pk": 140, "fields": {"key": "nagios_contactgroups", "value": "testing", "host": null, "group": 132}}, {"model": "inventory.variable", "pk": 142, "fields": {"key": "nagios_hostgroups", "value": "syshealth,m2m-services", "host": null, "group": 131}}, {"model": "inventory.variable", "pk": 145, "fields": {"key": "nagios_rabbit", "value": ",rabbitmq", "host": null, "group": 42}}, {"model": "inventory.variable", "pk": 147, "fields": {"key": "nagios_hostgroups", "value": "syshealth,m2m-services", "host": null, "group": 132}}, {"model": "inventory.variable", "pk": 148, "fields": {"key": "websocket1", "value": "zn5-websocket1", "host": null, "group": 19}}, {"model": "inventory.variable", "pk": 149, "fields": {"key": "adapter_type", "value": "transmissoes", "host": null, "group": 15}}, {"model": "inventory.variable", "pk": 150, "fields": {"key": "worker_id", "value": "$(cat /etc/hostname | tail -c 2)", "host": null, "group": 30}}, {"model": "inventory.variable", "pk": 151, "fields": {"key": "worker_service", "value": "transmissoes", "host": null, "group": 30}}, {"model": "inventory.variable", "pk": 152, "fields": {"key": "worker_event", "value": "area", "host": null, "group": 30}}, {"model": "inventory.variable", "pk": 153, "fields": {"key": "worker_id", "value": "$(cat /etc/hostname | tail -c 2)", "host": null, "group": 31}}, {"model": "inventory.variable", "pk": 154, "fields": {"key": "worker_service", "value": "transmissoes", "host": null, "group": 31}}, {"model": "inventory.variable", "pk": 155, "fields": {"key": "worker_event", "value": "viagem", "host": null, "group": 31}}, {"model": "inventory.variable", "pk": 156, "fields": {"key": "worker_id", "value": "$(cat /etc/hostname | tail -c 2)", "host": null, "group": 33}}, {"model": "inventory.variable", "pk": 157, "fields": {"key": "worker_service", "value": "transmissoes", "host": null, "group": 33}}, {"model": "inventory.variable", "pk": 158, "fields": {"key": "worker_event", "value": "evento", "host": null, "group": 33}}, {"model": "inventory.variable", "pk": 159, "fields": {"key": "worker_event", "value": "sinotico", "host": null, "group": 32}}, {"model": "inventory.variable", "pk": 160, "fields": {"key": "worker_id", "value": "$(cat /etc/hostname | tail -c 2)", "host": null, "group": 32}}, {"model": "inventory.variable", "pk": 161, "fields": {"key": "worker_service", "value": "transmissoes", "host": null, "group": 32}}, {"model": "inventory.variable", "pk": 162, "fields": {"key": "worker_id", "value": "0", "host": null, "group": 36}}, {"model": "inventory.variable", "pk": 164, "fields": {"key": "worker_event", "value": "atraso", "host": null, "group": 36}}, {"model": "inventory.variable", "pk": 165, "fields": {"key": "worker_service", "value": "transmissoes", "host": null, "group": 36}}, {"model": "inventory.variable", "pk": 166, "fields": {"key": "worker_id", "value": "0", "host": null, "group": 34}}, {"model": "inventory.variable", "pk": 167, "fields": {"key": "worker_service", "value": "retransmissoes", "host": null, "group": 34}}, {"model": "inventory.variable", "pk": 168, "fields": {"key": "worker_event", "value": "area", "host": null, "group": 34}}, {"model": "inventory.variable", "pk": 169, "fields": {"key": "worker_id", "value": "0", "host": null, "group": 35}}, {"model": "inventory.variable", "pk": 170, "fields": {"key": "worker_service", "value": "retransmissoes", "host": null, "group": 35}}, {"model": "inventory.variable", "pk": 171, "fields": {"key": "worker_event", "value": "viagem", "host": null, "group": 35}}, {"model": "inventory.variable", "pk": 172, "fields": {"key": "rabbit_se", "value": "zn5-rabbit-av0", "host": null, "group": 19}}, {"model": "inventory.variable", "pk": 174, "fields": {"key": "adapter_type", "value": "retransmissoes", "host": null, "group": 14}}, {"model": "inventory.variable", "pk": 175, "fields": {"key": "admin_url", "value": "admin.m2mfrota.com.br", "host": null, "group": 131}}, {"model": "inventory.variable", "pk": 176, "fields": {"key": "admin_url", "value": "admin-demo.m2mfrota.com.br", "host": null, "group": 132}}, {"model": "inventory.variable", "pk": 177, "fields": {"key": "painel_url", "value": "zn4-painel.m2mcontrol.com.br", "host": null, "group": 18}}, {"model": "inventory.variable", "pk": 178, "fields": {"key": "painel_url", "value": "zn5-painel.m2mcontrol.com.br", "host": null, "group": 19}}, {"model": "inventory.variable", "pk": 179, "fields": {"key": "painel_url", "value": "znd-painel.m2mcontrol.com.br", "host": null, "group": 21}}, {"model": "inventory.variable", "pk": 180, "fields": {"key": "report_url", "value": "report.m2mfrota.com.br", "host": null, "group": 131}}, {"model": "inventory.variable", "pk": 181, "fields": {"key": "admin_api", "value": "zns-api-admin0", "host": null, "group": 131}}, {"model": "inventory.variable", "pk": 182, "fields": {"key": "redis_version", "value": "3:3.0.5-1chl1~trusty1", "host": null, "group": 149}}, {"model": "inventory.variable", "pk": 183, "fields": {"key": "mongo_version", "value": "3.0.6", "host": null, "group": 155}}, {"model": "inventory.variable", "pk": 184, "fields": {"key": "rabbitmq_version", "value": "3.5.6-1", "host": null, "group": 42}}, {"model": "inventory.variable", "pk": 185, "fields": {"key": "nodejs_version", "value": "0.12", "host": null, "group": 145}}, {"model": "inventory.variable", "pk": 186, "fields": {"key": "report_url", "value": "report-demo.m2mfrota.com.br", "host": null, "group": 132}}, {"model": "inventory.variable", "pk": 188, "fields": {"key": "admin_api", "value": "znsd-api-admin0", "host": null, "group": 132}}, {"model": "inventory.variable", "pk": 190, "fields": {"key": "nagios_mxtgtw", "value": ",filecount", "host": null, "group": 142}}, {"model": "inventory.variable", "pk": 191, "fields": {"key": "monitor_server", "value": "znd-monitor", "host": null, "group": 131}}, {"model": "inventory.variable", "pk": 192, "fields": {"key": "monitor_server", "value": "znsd-monitor", "host": null, "group": 132}}, {"model": "inventory.variable", "pk": 193, "fields": {"key": "newrelic", "value": "false", "host": null, "group": 21}}, {"model": "inventory.variable", "pk": 194, "fields": {"key": "newrelic", "value": "true", "host": null, "group": 18}}, {"model": "inventory.variable", "pk": 195, "fields": {"key": "newrelic", "value": "false", "host": null, "group": 19}}, {"model": "inventory.variable", "pk": 200, "fields": {"key": "teste", "value": "var", "host": 269, "group": null}}, {"model": "auth.user", "pk": 6, "fields": {"password": "pbkdf2_sha256$24000$y4Q9KcoZ4JM8$hvUsB+OurwMba1AnIZexGt4eyNmOkD3y40S9kN3gfRU=", "last_login": "2016-01-23T16:51:12.637Z", "is_superuser": true, "username": "pedro.tonini", "first_name": "Pedro", "last_name": "Tonini", "email": "pedro.tonini@hotmail.com", "is_staff": true, "is_active": true, "date_joined": "2015-12-15T15:01:00Z", "groups": [], "user_permissions": []}}, {"model": "auth.user", "pk": 8, "fields": {"password": "pbkdf2_sha256$20000$66sdLkbqvsc0$H5KjnK0XdNLcPN0jt2Ry3RgIUqZdlr4+ca6DcyZTFZw=", "last_login": null, "is_superuser": false, "username": "rafael.orioli", "first_name": "", "last_name": "", "email": "", "is_staff": false, "is_active": true, "date_joined": "2015-12-15T15:34:06.053Z", "groups": [], "user_permissions": []}}, {"model": "auth.user", "pk": 9, "fields": {"password": "pbkdf2_sha256$20000$dvsB4sS8jDjp$hHoE3X7Q/NkHN8bw8UXbz/ml0Uvy0ddXAWGqLgmFv5c=", "last_login": null, "is_superuser": false, "username": "rafael.peroco", "first_name": "", "last_name": "", "email": "", "is_staff": false, "is_active": true, "date_joined": "2015-12-15T15:34:29.758Z", "groups": [], "user_permissions": []}}, {"model": "auth.user", "pk": 10, "fields": {"password": "pbkdf2_sha256$20000$tXbGnfVXNAsD$boHCRBDHdzzM0jFv1yIE5HLIrfDvcqvG2YEmhavY93U=", "last_login": "2015-12-15T16:36:50.072Z", "is_superuser": false, "username": "carlos.carvalho", "first_name": "", "last_name": "", "email": "", "is_staff": false, "is_active": true, "date_joined": "2015-12-15T15:34:45.640Z", "groups": [], "user_permissions": []}}, {"model": "auth.user", "pk": 11, "fields": {"password": "pbkdf2_sha256$20000$s3IlAGIFH9Ja$tQ4DiOnFQq/zOg8OXaL1IW9JFrTFpPdbL7/V52Xwwq4=", "last_login": null, "is_superuser": false, "username": "andre.oka", "first_name": "", "last_name": "", "email": "", "is_staff": false, "is_active": true, "date_joined": "2015-12-15T15:34:57.560Z", "groups": [], "user_permissions": []}}, {"model": "auth.user", "pk": 12, "fields": {"password": "pbkdf2_sha256$20000$oD9fJtCjrQTy$5MynslSD5ksGSIKf9oLg7m+mbpEQa7uFTFZLovEsbw8=", "last_login": null, "is_superuser": false, "username": "marcio.assis", "first_name": "", "last_name": "", "email": "", "is_staff": false, "is_active": true, "date_joined": "2015-12-15T15:35:10.435Z", "groups": [], "user_permissions": []}}, {"model": "auth.user", "pk": 13, "fields": {"password": "pbkdf2_sha256$20000$e2SHDOZERhFw$/dvSJeDsJ2L56phbOBXQIxg9CJVeR9Lr86byrSBw7C0=", "last_login": null, "is_superuser": false, "username": "william.siqueira", "first_name": "", "last_name": "", "email": "", "is_staff": false, "is_active": true, "date_joined": "2015-12-15T15:35:21.850Z", "groups": [], "user_permissions": []}}, {"model": "auth.user", "pk": 14, "fields": {"password": "pbkdf2_sha256$20000$o3qjkYI1BIDy$budxIPGzDnDddvZUPCBmssUYgJhjhf8CwyRYJtWiLQs=", "last_login": null, "is_superuser": false, "username": "roger.lovato", "first_name": "", "last_name": "", "email": "", "is_staff": false, "is_active": true, "date_joined": "2015-12-15T15:35:34Z", "groups": [], "user_permissions": []}}, {"model": "users.userdata", "pk": 6, "fields": {"timezone": "America/Sao_Paulo", "ansible_username": "pedro.tonini", "rsa_key": "-----BEGIN RSA PRIVATE KEY-----\nMIIEowIBAAKCAQEAz/UAbl6yrxyW2zw/OFhINwYSk3LrERLn4/Y/miCHaHhqSXq1\ntVnZTkloUFu3sYXcSGsgOKpD4vVnTNCAOFHwadWYw9rEVTZUHpfIziX6ZOlZVOmy\n9R48gaS7fYu7d7JEqqelN83r2YEplgHIS6XhxTX161YRaQrUK9dt4zJmnYm3EXDn\nWarwZpXFQwDVU0Q6EYIwSPkt3dPeGeQdWDn8wC5rgmgNDToCyJuuAFxocNVny1wP\nHU6n0MD9XjKHj3aeMCRGK9fzHfKD4ZuLdIbJ2M9wkUiI1JC4+MYe945ndpR54/T2\n6co5wn9KOZdNb+2V6xyXaQGOTwOCnfnw4r2ZtwIDAQABAoIBACJCneCRD2UUE7Jo\nuY2h1bvi7zqFiz6T28pNrmrJAyXt+KzEX51SASAJrfrXMWs4v3La20MaofaJMYyR\nKR6eOTpmazWRHBlhyvgDT5zO2vK3EvWPTuFdKuC87/qeA7OTlgZ7ehe4gCukQOKq\nxoHYAVsJKcussU+Z7hyO8Fam3gsD8jKiPZNjTMNg14folgIXuW+tl2+b9G5nkHx7\nNstWqvnbM2MPbq9HZmF/wUsI2rzfuoKUxBR8CGlQa/ZJ9Ye0jKlG+mgmpadLzO6X\nMOjhXcgfOTUUqbFtx/h8/IMqS1XMWieFzsXocfQD7G+Zruzf/cial3kY2CLqgzFH\nXzQxx8kCgYEA6PcSqh84v9nw9nC5Z9XEolX7KiqEEZHcE0oIc8cJdtT3TejP6nAR\nlHkN71h5L4n/mL231aJQgDGqVS2LkId25IeBq168dMU8rOMzqwahaCH4WVu8Ckyy\noAqIZBbHcKvnLPKtzm1sxO4LutFuL8nmF7w3namMxG3nb32F/Z4pzasCgYEA5ITp\naeIzBZgOy4gWNQUamRkij4n/gaxl1ZNJDhwAmN/mu2LBtJTPVfBgmvP+fpe6AuBr\nYBMpqmYwEWAxdggRc6uJUDSgD/n6GKl4+9AfB4hL+X4zQQw7GnclNqp2JcJ0903L\n4Z9bNQnNb2jGNS38baSbbKfDGR/zREh8eXp4oCUCgYEAjnn010iK+4J9xSqBqchq\nHuI43rvr05cCImXnr28uEZgDu4lEB1wM1GIIrLXOP83FHRQCZ0yCsTQuuTNGpNjE\nVNWu7zDcTwoFprK5ecJvWnFUIspgwWfQ4uIuMhBgXz8y/iFZPONdXz86u0G0gtOW\nvjNlTC5SohuZLG13Ufm2FUsCgYAkgtPkVf6+6w+aF1EtAXbBdVGfS3YmWswedpza\ng0DZLBTqZZn7ZzdFTNWyjD9iLI3MvdyKCiXDEvalIBBnAlz/dS3IQdA9HTyHSjSJ\nTzRV+MHix/Yac4DR9q1ccZnU6J/Vj3l+v/5LmBhZr4zTnFhTkFRA5QD397HffBFf\nO2EgfQKBgH23NoQtIA/8jbw+DHz4hfxaRWprCGDChRlKCeQBO9ilvSCKBpMhaavK\nCbcHxKGo4fbp8O3Y0wpu3oednsdkXrQ3JFc6iSL3dEU1S+3642pyalU9Du+Y9w4d\nEj5kqdWswIirXbNRpQ6YjitdZ5N90uweU9GaN/w9WXZzuJWUGPCU\n-----END RSA PRIVATE KEY-----"}}, {"model": "users.userdata", "pk": 8, "fields": {"timezone": "America/Sao_Paulo", "ansible_username": "rafael.orioli", "rsa_key": ""}}, {"model": "users.userdata", "pk": 9, "fields": {"timezone": "America/Sao_Paulo", "ansible_username": "rafael.peroco", "rsa_key": ""}}, {"model": "users.userdata", "pk": 10, "fields": {"timezone": "America/Sao_Paulo", "ansible_username": "carlos.carvalho", "rsa_key": ""}}, {"model": "users.userdata", "pk": 11, "fields": {"timezone": "America/Sao_Paulo", "ansible_username": "andre.oka", "rsa_key": ""}}, {"model": "users.userdata", "pk": 12, "fields": {"timezone": "America/Sao_Paulo", "ansible_username": "marcio.assis", "rsa_key": ""}}, {"model": "users.userdata", "pk": 13, "fields": {"timezone": "America/Sao_Paulo", "ansible_username": "william.siqueira", "rsa_key": ""}}, {"model": "users.userdata", "pk": 14, "fields": {"timezone": "America/Sao_Paulo", "ansible_username": "roger.lovato", "rsa_key": ""}}]