[{"fields": {"username": "admin", "first_name": "", "last_name": "", "is_active": true, "is_superuser": true, "is_staff": true, "last_login": "2015-12-15T15:00:30.016Z", "groups": [], "user_permissions": [], "password": "pbkdf2_sha256$20000$UbPCfyjDwlGy$Ih5N1U2UABLycbadw2Bez258kRBd6IerRoRdX2WpaJ0=", "email": "", "date_joined": "2015-12-15T15:00:16.892Z"}, "model": "auth.user", "pk": 5}, {"fields": {"username": "pedro.tonini", "first_name": "", "last_name": "", "is_active": true, "is_superuser": true, "is_staff": true, "last_login": "2016-03-08T19:40:40.659Z", "groups": [], "user_permissions": [], "password": "pbkdf2_sha256$20000$F3X4D2hPbF2v$NRsJMeWNKtfVi213rX5+O8z5pyudr2XNQypZ7j8jVTs=", "email": "", "date_joined": "2015-12-15T15:01:00Z"}, "model": "auth.user", "pk": 6}, {"fields": {"username": "anderson.araujo", "first_name": "", "last_name": "", "is_active": true, "is_superuser": false, "is_staff": false, "last_login": "2015-12-15T16:52:35.074Z", "groups": [], "user_permissions": [], "password": "pbkdf2_sha256$20000$AKT4nf5hb98S$13IQw/LaSZI5Dyt6vY2ei+bgJYyoXgWoWwpaS1WgdGI=", "email": "", "date_joined": "2015-12-15T15:01:21Z"}, "model": "auth.user", "pk": 7}, {"fields": {"username": "rafael.orioli", "first_name": "", "last_name": "", "is_active": true, "is_superuser": false, "is_staff": false, "last_login": null, "groups": [], "user_permissions": [], "password": "pbkdf2_sha256$20000$66sdLkbqvsc0$H5KjnK0XdNLcPN0jt2Ry3RgIUqZdlr4+ca6DcyZTFZw=", "email": "", "date_joined": "2015-12-15T15:34:06.053Z"}, "model": "auth.user", "pk": 8}, {"fields": {"username": "rafael.peroco", "first_name": "", "last_name": "", "is_active": true, "is_superuser": false, "is_staff": false, "last_login": null, "groups": [], "user_permissions": [], "password": "pbkdf2_sha256$20000$dvsB4sS8jDjp$hHoE3X7Q/NkHN8bw8UXbz/ml0Uvy0ddXAWGqLgmFv5c=", "email": "", "date_joined": "2015-12-15T15:34:29.758Z"}, "model": "auth.user", "pk": 9}, {"fields": {"username": "carlos.carvalho", "first_name": "", "last_name": "", "is_active": true, "is_superuser": false, "is_staff": false, "last_login": "2016-03-08T21:53:29.939Z", "groups": [], "user_permissions": [], "password": "pbkdf2_sha256$20000$oOvjpExY5uhd$CxLj0NLP0tsZYS+KLlpBQXSKuX0BqkSx50sLaNpg6rY=", "email": "", "date_joined": "2015-12-15T15:34:45.640Z"}, "model": "auth.user", "pk": 10}, {"fields": {"username": "andre.oka", "first_name": "", "last_name": "", "is_active": true, "is_superuser": false, "is_staff": false, "last_login": null, "groups": [], "user_permissions": [], "password": "pbkdf2_sha256$20000$s3IlAGIFH9Ja$tQ4DiOnFQq/zOg8OXaL1IW9JFrTFpPdbL7/V52Xwwq4=", "email": "", "date_joined": "2015-12-15T15:34:57.560Z"}, "model": "auth.user", "pk": 11}, {"fields": {"username": "marcio.assis", "first_name": "", "last_name": "", "is_active": true, "is_superuser": false, "is_staff": false, "last_login": null, "groups": [], "user_permissions": [], "password": "pbkdf2_sha256$20000$oD9fJtCjrQTy$5MynslSD5ksGSIKf9oLg7m+mbpEQa7uFTFZLovEsbw8=", "email": "", "date_joined": "2015-12-15T15:35:10.435Z"}, "model": "auth.user", "pk": 12}, {"fields": {"username": "william.siqueira", "first_name": "", "last_name": "", "is_active": true, "is_superuser": false, "is_staff": false, "last_login": null, "groups": [], "user_permissions": [], "password": "pbkdf2_sha256$20000$e2SHDOZERhFw$/dvSJeDsJ2L56phbOBXQIxg9CJVeR9Lr86byrSBw7C0=", "email": "", "date_joined": "2015-12-15T15:35:21.850Z"}, "model": "auth.user", "pk": 13}, {"fields": {"username": "roger.lovato", "first_name": "", "last_name": "", "is_active": true, "is_superuser": false, "is_staff": false, "last_login": null, "groups": [], "user_permissions": [], "password": "pbkdf2_sha256$20000$o3qjkYI1BIDy$budxIPGzDnDddvZUPCBmssUYgJhjhf8CwyRYJtWiLQs=", "email": "", "date_joined": "2015-12-15T15:35:34Z"}, "model": "auth.user", "pk": 14}, {"fields": {"name": "zn4-api0", "description": ""}, "model": "inventory.host", "pk": 201}, {"fields": {"name": "zn4-api1", "description": ""}, "model": "inventory.host", "pk": 202}, {"fields": {"name": "zn4-gwa-r", "description": ""}, "model": "inventory.host", "pk": 203}, {"fields": {"name": "zn4-gwa1", "description": ""}, "model": "inventory.host", "pk": 204}, {"fields": {"name": "zn4-gwa2", "description": ""}, "model": "inventory.host", "pk": 205}, {"fields": {"name": "zn4-gwa3", "description": ""}, "model": "inventory.host", "pk": 206}, {"fields": {"name": "zn4-gwa4", "description": ""}, "model": "inventory.host", "pk": 207}, {"fields": {"name": "zn4-gwa5", "description": ""}, "model": "inventory.host", "pk": 208}, {"fields": {"name": "zn4-mysql0", "description": ""}, "model": "inventory.host", "pk": 209}, {"fields": {"name": "zn4-mysql1", "description": ""}, "model": "inventory.host", "pk": 210}, {"fields": {"name": "zn4-nginx0", "description": ""}, "model": "inventory.host", "pk": 211}, {"fields": {"name": "zn4-rabbit-av0", "description": ""}, "model": "inventory.host", "pk": 212}, {"fields": {"name": "zn4-rabbit-av1", "description": ""}, "model": "inventory.host", "pk": 213}, {"fields": {"name": "zn4-rabbit-se1", "description": ""}, "model": "inventory.host", "pk": 215}, {"fields": {"name": "zn4-redis0", "description": ""}, "model": "inventory.host", "pk": 216}, {"fields": {"name": "zn4-rs0-a", "description": ""}, "model": "inventory.host", "pk": 217}, {"fields": {"name": "zn4-rs0-d0", "description": ""}, "model": "inventory.host", "pk": 218}, {"fields": {"name": "zn4-rs0-d1", "description": ""}, "model": "inventory.host", "pk": 219}, {"fields": {"name": "zn4-rs1-a", "description": ""}, "model": "inventory.host", "pk": 220}, {"fields": {"name": "zn4-rs1-d0", "description": ""}, "model": "inventory.host", "pk": 221}, {"fields": {"name": "zn4-rs1-d1", "description": ""}, "model": "inventory.host", "pk": 222}, {"fields": {"name": "zn4-rs2-a", "description": ""}, "model": "inventory.host", "pk": 223}, {"fields": {"name": "zn4-rs2-d0", "description": ""}, "model": "inventory.host", "pk": 224}, {"fields": {"name": "zn4-rs2-d1", "description": ""}, "model": "inventory.host", "pk": 225}, {"fields": {"name": "zn4-websocket0", "description": ""}, "model": "inventory.host", "pk": 226}, {"fields": {"name": "zn4-websocket1", "description": ""}, "model": "inventory.host", "pk": 227}, {"fields": {"name": "zn4-worker-a0", "description": ""}, "model": "inventory.host", "pk": 229}, {"fields": {"name": "zn4-worker-a1", "description": ""}, "model": "inventory.host", "pk": 230}, {"fields": {"name": "zn4-worker-a2", "description": ""}, "model": "inventory.host", "pk": 231}, {"fields": {"name": "zn4-worker-a3", "description": ""}, "model": "inventory.host", "pk": 232}, {"fields": {"name": "zn4-worker-a4", "description": ""}, "model": "inventory.host", "pk": 233}, {"fields": {"name": "zn4-worker-a5", "description": ""}, "model": "inventory.host", "pk": 234}, {"fields": {"name": "zn4-worker-aa", "description": ""}, "model": "inventory.host", "pk": 235}, {"fields": {"name": "zn4-worker-e0", "description": ""}, "model": "inventory.host", "pk": 237}, {"fields": {"name": "zn4-worker-e1", "description": ""}, "model": "inventory.host", "pk": 238}, {"fields": {"name": "zn4-worker-e2", "description": ""}, "model": "inventory.host", "pk": 239}, {"fields": {"name": "zn4-worker-e3", "description": ""}, "model": "inventory.host", "pk": 240}, {"fields": {"name": "zn4-worker-e4", "description": ""}, "model": "inventory.host", "pk": 241}, {"fields": {"name": "zn4-worker-e5", "description": ""}, "model": "inventory.host", "pk": 242}, {"fields": {"name": "zn4-worker-ra", "description": ""}, "model": "inventory.host", "pk": 243}, {"fields": {"name": "zn4-worker-rv", "description": ""}, "model": "inventory.host", "pk": 244}, {"fields": {"name": "zn4-worker-s0", "description": ""}, "model": "inventory.host", "pk": 246}, {"fields": {"name": "zn4-worker-s1", "description": ""}, "model": "inventory.host", "pk": 247}, {"fields": {"name": "zn4-worker-s2", "description": ""}, "model": "inventory.host", "pk": 248}, {"fields": {"name": "zn4-worker-s3", "description": ""}, "model": "inventory.host", "pk": 249}, {"fields": {"name": "zn4-worker-s4", "description": ""}, "model": "inventory.host", "pk": 250}, {"fields": {"name": "zn4-worker-s5", "description": ""}, "model": "inventory.host", "pk": 251}, {"fields": {"name": "zn4-worker-v0", "description": ""}, "model": "inventory.host", "pk": 253}, {"fields": {"name": "zn4-worker-v1", "description": ""}, "model": "inventory.host", "pk": 254}, {"fields": {"name": "zn4-worker-v2", "description": ""}, "model": "inventory.host", "pk": 255}, {"fields": {"name": "zn4-worker-v3", "description": ""}, "model": "inventory.host", "pk": 256}, {"fields": {"name": "zn4-worker-v4", "description": ""}, "model": "inventory.host", "pk": 257}, {"fields": {"name": "zn4-worker-v5", "description": ""}, "model": "inventory.host", "pk": 258}, {"fields": {"name": "zn5-api0", "description": ""}, "model": "inventory.host", "pk": 259}, {"fields": {"name": "zn5-api1", "description": ""}, "model": "inventory.host", "pk": 260}, {"fields": {"name": "zn5-gwa-r", "description": ""}, "model": "inventory.host", "pk": 261}, {"fields": {"name": "zn5-gwa1", "description": ""}, "model": "inventory.host", "pk": 262}, {"fields": {"name": "zn5-gwa2", "description": ""}, "model": "inventory.host", "pk": 263}, {"fields": {"name": "zn5-gwa3", "description": ""}, "model": "inventory.host", "pk": 264}, {"fields": {"name": "zn5-gwa4", "description": ""}, "model": "inventory.host", "pk": 265}, {"fields": {"name": "zn5-gwa5", "description": ""}, "model": "inventory.host", "pk": 266}, {"fields": {"name": "zn5-mysql0", "description": ""}, "model": "inventory.host", "pk": 267}, {"fields": {"name": "zn5-mysql1", "description": ""}, "model": "inventory.host", "pk": 268}, {"fields": {"name": "zn5-nginx0", "description": ""}, "model": "inventory.host", "pk": 269}, {"fields": {"name": "zn5-rabbit-av0", "description": ""}, "model": "inventory.host", "pk": 271}, {"fields": {"name": "zn5-rabbit-av1", "description": ""}, "model": "inventory.host", "pk": 272}, {"fields": {"name": "zn5-rabbit-se1", "description": ""}, "model": "inventory.host", "pk": 275}, {"fields": {"name": "zn5-redis0", "description": ""}, "model": "inventory.host", "pk": 276}, {"fields": {"name": "zn5-rs0-a", "description": ""}, "model": "inventory.host", "pk": 277}, {"fields": {"name": "zn5-rs0-d0", "description": ""}, "model": "inventory.host", "pk": 278}, {"fields": {"name": "zn5-rs0-d1", "description": ""}, "model": "inventory.host", "pk": 279}, {"fields": {"name": "zn5-rs1-a", "description": ""}, "model": "inventory.host", "pk": 280}, {"fields": {"name": "zn5-rs1-d0", "description": ""}, "model": "inventory.host", "pk": 281}, {"fields": {"name": "zn5-rs1-d1", "description": ""}, "model": "inventory.host", "pk": 282}, {"fields": {"name": "zn5-rs2-a", "description": ""}, "model": "inventory.host", "pk": 283}, {"fields": {"name": "zn5-rs2-d0", "description": ""}, "model": "inventory.host", "pk": 284}, {"fields": {"name": "zn5-rs2-d1", "description": ""}, "model": "inventory.host", "pk": 285}, {"fields": {"name": "zn5-websocket0", "description": ""}, "model": "inventory.host", "pk": 286}, {"fields": {"name": "zn5-websocket1", "description": ""}, "model": "inventory.host", "pk": 287}, {"fields": {"name": "zn5-worker-a0", "description": ""}, "model": "inventory.host", "pk": 289}, {"fields": {"name": "zn5-worker-a1", "description": ""}, "model": "inventory.host", "pk": 290}, {"fields": {"name": "zn5-worker-a2", "description": ""}, "model": "inventory.host", "pk": 291}, {"fields": {"name": "zn5-worker-a3", "description": ""}, "model": "inventory.host", "pk": 292}, {"fields": {"name": "zn5-worker-a4", "description": ""}, "model": "inventory.host", "pk": 293}, {"fields": {"name": "zn5-worker-a5", "description": ""}, "model": "inventory.host", "pk": 294}, {"fields": {"name": "zn5-worker-aa", "description": ""}, "model": "inventory.host", "pk": 295}, {"fields": {"name": "zn5-worker-e0", "description": ""}, "model": "inventory.host", "pk": 297}, {"fields": {"name": "zn5-worker-e1", "description": ""}, "model": "inventory.host", "pk": 298}, {"fields": {"name": "zn5-worker-e2", "description": ""}, "model": "inventory.host", "pk": 299}, {"fields": {"name": "zn5-worker-e3", "description": ""}, "model": "inventory.host", "pk": 300}, {"fields": {"name": "zn5-worker-e4", "description": ""}, "model": "inventory.host", "pk": 301}, {"fields": {"name": "zn5-worker-e5", "description": ""}, "model": "inventory.host", "pk": 302}, {"fields": {"name": "zn5-worker-ra", "description": ""}, "model": "inventory.host", "pk": 303}, {"fields": {"name": "zn5-worker-rv", "description": ""}, "model": "inventory.host", "pk": 304}, {"fields": {"name": "zn5-worker-s0", "description": ""}, "model": "inventory.host", "pk": 306}, {"fields": {"name": "zn5-worker-s1", "description": ""}, "model": "inventory.host", "pk": 307}, {"fields": {"name": "zn5-worker-s2", "description": ""}, "model": "inventory.host", "pk": 308}, {"fields": {"name": "zn5-worker-s3", "description": ""}, "model": "inventory.host", "pk": 309}, {"fields": {"name": "zn5-worker-s4", "description": ""}, "model": "inventory.host", "pk": 310}, {"fields": {"name": "zn5-worker-s5", "description": ""}, "model": "inventory.host", "pk": 311}, {"fields": {"name": "zn5-worker-v0", "description": ""}, "model": "inventory.host", "pk": 313}, {"fields": {"name": "zn5-worker-v1", "description": ""}, "model": "inventory.host", "pk": 314}, {"fields": {"name": "zn5-worker-v2", "description": ""}, "model": "inventory.host", "pk": 315}, {"fields": {"name": "zn5-worker-v3", "description": ""}, "model": "inventory.host", "pk": 316}, {"fields": {"name": "zn5-worker-v4", "description": ""}, "model": "inventory.host", "pk": 317}, {"fields": {"name": "zn5-worker-v5", "description": ""}, "model": "inventory.host", "pk": 318}, {"fields": {"name": "znd-api0", "description": ""}, "model": "inventory.host", "pk": 319}, {"fields": {"name": "znd-gwa-r", "description": ""}, "model": "inventory.host", "pk": 320}, {"fields": {"name": "znd-gwa1", "description": ""}, "model": "inventory.host", "pk": 321}, {"fields": {"name": "znd-gwa2", "description": ""}, "model": "inventory.host", "pk": 322}, {"fields": {"name": "znd-mysql0", "description": ""}, "model": "inventory.host", "pk": 323}, {"fields": {"name": "znd-nginx0", "description": ""}, "model": "inventory.host", "pk": 324}, {"fields": {"name": "znd-rabbit-av0", "description": ""}, "model": "inventory.host", "pk": 325}, {"fields": {"name": "znd-redis0", "description": ""}, "model": "inventory.host", "pk": 327}, {"fields": {"name": "znd-rs0-a", "description": ""}, "model": "inventory.host", "pk": 328}, {"fields": {"name": "znd-rs0-d0", "description": ""}, "model": "inventory.host", "pk": 329}, {"fields": {"name": "znd-rs0-d1", "description": ""}, "model": "inventory.host", "pk": 330}, {"fields": {"name": "znd-websocket0", "description": ""}, "model": "inventory.host", "pk": 331}, {"fields": {"name": "znd-worker-a0", "description": ""}, "model": "inventory.host", "pk": 332}, {"fields": {"name": "znd-worker-a1", "description": ""}, "model": "inventory.host", "pk": 333}, {"fields": {"name": "znd-worker-a2", "description": ""}, "model": "inventory.host", "pk": 334}, {"fields": {"name": "znd-worker-aa", "description": ""}, "model": "inventory.host", "pk": 336}, {"fields": {"name": "znd-worker-e0", "description": ""}, "model": "inventory.host", "pk": 337}, {"fields": {"name": "znd-worker-e1", "description": ""}, "model": "inventory.host", "pk": 338}, {"fields": {"name": "znd-worker-e2", "description": ""}, "model": "inventory.host", "pk": 339}, {"fields": {"name": "znd-worker-ra", "description": ""}, "model": "inventory.host", "pk": 341}, {"fields": {"name": "znd-worker-rv", "description": ""}, "model": "inventory.host", "pk": 342}, {"fields": {"name": "znd-worker-s0", "description": ""}, "model": "inventory.host", "pk": 343}, {"fields": {"name": "znd-worker-s1", "description": ""}, "model": "inventory.host", "pk": 344}, {"fields": {"name": "znd-worker-s2", "description": ""}, "model": "inventory.host", "pk": 345}, {"fields": {"name": "znd-worker-v0", "description": ""}, "model": "inventory.host", "pk": 347}, {"fields": {"name": "znd-worker-v1", "description": ""}, "model": "inventory.host", "pk": 348}, {"fields": {"name": "znd-worker-v2", "description": ""}, "model": "inventory.host", "pk": 349}, {"fields": {"name": "znh-api0", "description": ""}, "model": "inventory.host", "pk": 351}, {"fields": {"name": "znh-gwa-r", "description": ""}, "model": "inventory.host", "pk": 352}, {"fields": {"name": "znh-gwa1", "description": ""}, "model": "inventory.host", "pk": 353}, {"fields": {"name": "znh-mysql0", "description": ""}, "model": "inventory.host", "pk": 354}, {"fields": {"name": "znh-nginx0", "description": ""}, "model": "inventory.host", "pk": 355}, {"fields": {"name": "znh-rabbit-av0", "description": ""}, "model": "inventory.host", "pk": 356}, {"fields": {"name": "znh-rabbit-se0", "description": ""}, "model": "inventory.host", "pk": 357}, {"fields": {"name": "znh-redis0", "description": ""}, "model": "inventory.host", "pk": 358}, {"fields": {"name": "znh-rs0-a", "description": ""}, "model": "inventory.host", "pk": 359}, {"fields": {"name": "znh-rs0-d0", "description": ""}, "model": "inventory.host", "pk": 360}, {"fields": {"name": "znh-rs0-d1", "description": ""}, "model": "inventory.host", "pk": 361}, {"fields": {"name": "znh-websocket0", "description": ""}, "model": "inventory.host", "pk": 362}, {"fields": {"name": "znh-worker-a0", "description": ""}, "model": "inventory.host", "pk": 363}, {"fields": {"name": "znh-worker-a1", "description": ""}, "model": "inventory.host", "pk": 364}, {"fields": {"name": "znh-worker-a2", "description": ""}, "model": "inventory.host", "pk": 365}, {"fields": {"name": "znh-worker-aa", "description": ""}, "model": "inventory.host", "pk": 366}, {"fields": {"name": "znh-worker-e0", "description": ""}, "model": "inventory.host", "pk": 367}, {"fields": {"name": "znh-worker-e1", "description": ""}, "model": "inventory.host", "pk": 368}, {"fields": {"name": "znh-worker-e2", "description": ""}, "model": "inventory.host", "pk": 369}, {"fields": {"name": "znh-worker-ra", "description": ""}, "model": "inventory.host", "pk": 370}, {"fields": {"name": "znh-worker-rv", "description": ""}, "model": "inventory.host", "pk": 371}, {"fields": {"name": "znh-worker-s0", "description": ""}, "model": "inventory.host", "pk": 372}, {"fields": {"name": "znh-worker-s1", "description": ""}, "model": "inventory.host", "pk": 373}, {"fields": {"name": "znh-worker-s2", "description": ""}, "model": "inventory.host", "pk": 374}, {"fields": {"name": "znh-worker-v0", "description": ""}, "model": "inventory.host", "pk": 375}, {"fields": {"name": "znh-worker-v1", "description": ""}, "model": "inventory.host", "pk": 376}, {"fields": {"name": "znh-worker-v2", "description": ""}, "model": "inventory.host", "pk": 377}, {"fields": {"name": "zns-api-admin0", "description": ""}, "model": "inventory.host", "pk": 378}, {"fields": {"name": "zns-api-sso0", "description": ""}, "model": "inventory.host", "pk": 379}, {"fields": {"name": "zns-mysql0", "description": ""}, "model": "inventory.host", "pk": 380}, {"fields": {"name": "zns-nginx0", "description": ""}, "model": "inventory.host", "pk": 381}, {"fields": {"name": "zns-report0", "description": ""}, "model": "inventory.host", "pk": 382}, {"fields": {"name": "znsd-api-admin0", "description": ""}, "model": "inventory.host", "pk": 383}, {"fields": {"name": "znsd-api-sso0", "description": ""}, "model": "inventory.host", "pk": 384}, {"fields": {"name": "znsd-mysql0", "description": ""}, "model": "inventory.host", "pk": 385}, {"fields": {"name": "znsd-nginx0", "description": ""}, "model": "inventory.host", "pk": 386}, {"fields": {"name": "znsd-report0", "description": ""}, "model": "inventory.host", "pk": 387}, {"fields": {"name": "nagios-server", "description": ""}, "model": "inventory.host", "pk": 388}, {"fields": {"name": "zns-monitor", "description": ""}, "model": "inventory.host", "pk": 389}, {"fields": {"name": "znsd-monitor", "description": ""}, "model": "inventory.host", "pk": 390}, {"fields": {"name": "m2m-bastion-gwa", "description": ""}, "model": "inventory.host", "pk": 394}, {"fields": {"name": "zn4-worker-int", "description": ""}, "model": "inventory.host", "pk": 395}, {"fields": {"name": "zn5-worker-int", "description": ""}, "model": "inventory.host", "pk": 396}, {"fields": {"name": "znd-worker-int", "description": ""}, "model": "inventory.host", "pk": 397}, {"fields": {"name": "znh-worker-rep", "description": ""}, "model": "inventory.host", "pk": 398}, {"fields": {"name": "znd-worker-rep", "description": ""}, "model": "inventory.host", "pk": 399}, {"fields": {"name": "zn4-worker-rep", "description": ""}, "model": "inventory.host", "pk": 400}, {"fields": {"name": "zn5-worker-rep", "description": ""}, "model": "inventory.host", "pk": 401}, {"fields": {"name": "zn4-gwa-ws1", "description": ""}, "model": "inventory.host", "pk": 402}, {"fields": {"name": "zn5-gwa-ws1", "description": ""}, "model": "inventory.host", "pk": 403}, {"fields": {"children": [], "name": "cfg-gwa-r", "members": [203, 261, 320, 352], "description": ""}, "model": "inventory.group", "pk": 14}, {"fields": {"children": [], "name": "cfg-gwa-t", "members": [204, 205, 206, 207, 208, 262, 263, 264, 265, 266, 321, 322, 353], "description": ""}, "model": "inventory.group", "pk": 15}, {"fields": {"children": [], "name": "zn4", "members": [201, 202, 203, 204, 205, 206, 207, 208, 209, 210, 211, 212, 213, 215, 216, 217, 218, 219, 220, 221, 222, 223, 224, 225, 226, 227, 229, 230, 231, 232, 233, 234, 235, 237, 238, 239, 240, 241, 242, 243, 244, 246, 247, 248, 249, 250, 251, 253, 254, 255, 256, 257, 258, 395, 400, 402], "description": ""}, "model": "inventory.group", "pk": 18}, {"fields": {"children": [], "name": "zn5", "members": [259, 260, 261, 262, 263, 264, 265, 266, 267, 268, 269, 271, 272, 275, 276, 277, 278, 279, 280, 281, 282, 283, 284, 285, 286, 287, 289, 290, 291, 292, 293, 294, 295, 297, 298, 299, 300, 301, 302, 303, 304, 306, 307, 308, 309, 310, 311, 313, 314, 315, 316, 317, 318, 396, 401, 403], "description": ""}, "model": "inventory.group", "pk": 19}, {"fields": {"children": [], "name": "znh", "members": [351, 352, 353, 354, 355, 356, 357, 358, 359, 360, 361, 362, 363, 364, 365, 366, 367, 368, 369, 370, 371, 372, 373, 374, 375, 376, 377, 398], "description": ""}, "model": "inventory.group", "pk": 20}, {"fields": {"children": [], "name": "znd", "members": [319, 320, 321, 322, 323, 324, 325, 327, 328, 329, 330, 331, 332, 333, 334, 336, 337, 338, 339, 341, 342, 343, 344, 345, 347, 348, 349, 397, 399], "description": ""}, "model": "inventory.group", "pk": 21}, {"fields": {"children": [159], "name": "app-mongos", "members": [204, 205, 206, 207, 208, 229, 230, 231, 232, 233, 234, 235, 237, 238, 239, 240, 241, 242, 243, 244, 246, 247, 248, 249, 250, 251, 253, 254, 255, 256, 257, 258, 262, 263, 264, 265, 266, 289, 290, 291, 292, 293, 294, 295, 297, 298, 299, 300, 301, 302, 303, 304, 306, 307, 308, 309, 310, 311, 313, 314, 315, 316, 317, 318, 321, 322, 332, 333, 334, 336, 337, 338, 339, 341, 342, 343, 344, 345, 347, 348, 349, 353, 363, 364, 365, 366, 367, 368, 369, 370, 371, 372, 373, 374, 375, 376, 377, 398, 399, 400, 401], "description": ""}, "model": "inventory.group", "pk": 24}, {"fields": {"children": [131, 132, 138], "name": "frotaweb", "members": [], "description": ""}, "model": "inventory.group", "pk": 25}, {"fields": {"children": [], "name": "zns", "members": [378, 379, 380, 381, 382, 389], "description": ""}, "model": "inventory.group", "pk": 26}, {"fields": {"children": [], "name": "znsd", "members": [383, 384, 385, 386, 387, 390], "description": ""}, "model": "inventory.group", "pk": 27}, {"fields": {"children": [], "name": "app-mongoc", "members": [217, 220, 223, 277, 280, 283, 328, 359], "description": ""}, "model": "inventory.group", "pk": 28}, {"fields": {"children": [], "name": "app-mongod", "members": [217, 218, 219, 220, 221, 222, 223, 224, 225, 277, 278, 279, 280, 281, 282, 283, 284, 285, 328, 329, 330, 359, 360, 361], "description": ""}, "model": "inventory.group", "pk": 29}, {"fields": {"children": [], "name": "cfg-worker-a", "members": [229, 230, 231, 232, 233, 234, 289, 290, 291, 292, 293, 294, 332, 333, 334, 363, 364, 365], "description": ""}, "model": "inventory.group", "pk": 30}, {"fields": {"children": [], "name": "cfg-worker-v", "members": [253, 254, 255, 256, 257, 258, 313, 314, 315, 316, 317, 318, 347, 348, 349, 375, 376, 377], "description": ""}, "model": "inventory.group", "pk": 31}, {"fields": {"children": [], "name": "cfg-worker-s", "members": [246, 247, 248, 249, 250, 251, 306, 307, 308, 309, 310, 311, 343, 344, 345, 372, 373, 374], "description": ""}, "model": "inventory.group", "pk": 32}, {"fields": {"children": [], "name": "cfg-worker-e", "members": [237, 238, 239, 240, 241, 242, 297, 298, 299, 300, 301, 302, 337, 338, 339, 367, 368, 369], "description": ""}, "model": "inventory.group", "pk": 33}, {"fields": {"children": [], "name": "cfg-worker-ra", "members": [243, 303, 341, 370], "description": ""}, "model": "inventory.group", "pk": 34}, {"fields": {"children": [], "name": "cfg-worker-rv", "members": [244, 304, 342, 371], "description": ""}, "model": "inventory.group", "pk": 35}, {"fields": {"children": [], "name": "cfg-worker-aa", "members": [235, 295, 336, 366], "description": ""}, "model": "inventory.group", "pk": 36}, {"fields": {"children": [], "name": "app-mysql", "members": [209, 210, 267, 268, 323, 354, 380, 385], "description": ""}, "model": "inventory.group", "pk": 40}, {"fields": {"children": [150, 152, 154, 158], "name": "app-nginx", "members": [], "description": ""}, "model": "inventory.group", "pk": 41}, {"fields": {"children": [], "name": "app-rabbitmq", "members": [212, 213, 215, 271, 272, 275, 325, 356, 357], "description": ""}, "model": "inventory.group", "pk": 42}, {"fields": {"children": [18, 19, 26], "name": "production", "members": [], "description": ""}, "model": "inventory.group", "pk": 131}, {"fields": {"children": [21, 27], "name": "testing", "members": [], "description": ""}, "model": "inventory.group", "pk": 132}, {"fields": {"children": [], "name": "all", "members": [], "description": ""}, "model": "inventory.group", "pk": 133}, {"fields": {"children": [136, 139, 144, 151, 156], "name": "app-java", "members": [], "description": ""}, "model": "inventory.group", "pk": 135}, {"fields": {"children": [], "name": "m2m-adapter", "members": [203, 204, 205, 206, 207, 208, 261, 262, 263, 264, 265, 266, 320, 321, 322, 352, 353], "description": ""}, "model": "inventory.group", "pk": 136}, {"fields": {"children": [], "name": "m2m-admin-api", "members": [378, 383], "description": ""}, "model": "inventory.group", "pk": 137}, {"fields": {"children": [20], "name": "development", "members": [], "description": ""}, "model": "inventory.group", "pk": 138}, {"fields": {"children": [], "name": "m2m-worker", "members": [229, 230, 231, 232, 233, 234, 235, 237, 238, 239, 240, 241, 242, 243, 244, 246, 247, 248, 249, 250, 251, 253, 254, 255, 256, 257, 258, 289, 290, 291, 292, 293, 294, 295, 297, 298, 299, 300, 301, 302, 303, 304, 306, 307, 308, 309, 310, 311, 313, 314, 315, 316, 317, 318, 332, 333, 334, 336, 337, 338, 339, 341, 342, 343, 344, 345, 347, 348, 349, 363, 364, 365, 366, 367, 368, 369, 370, 371, 372, 373, 374, 375, 376, 377], "description": ""}, "model": "inventory.group", "pk": 139}, {"fields": {"children": [], "name": "misc", "members": [388, 394], "description": ""}, "model": "inventory.group", "pk": 141}, {"fields": {"children": [], "name": "mxt-gateway", "members": [203, 204, 205, 206, 207, 208, 261, 262, 263, 264, 265, 266, 320, 321, 322, 352, 353, 394], "description": ""}, "model": "inventory.group", "pk": 142}, {"fields": {"children": [], "name": "m2m-worker-int", "members": [395, 396, 397], "description": ""}, "model": "inventory.group", "pk": 144}, {"fields": {"children": [137, 146, 147, 148, 157], "name": "app-nodejs", "members": [], "description": ""}, "model": "inventory.group", "pk": 145}, {"fields": {"children": [], "name": "m2m-api", "members": [201, 202, 259, 260, 319, 351], "description": ""}, "model": "inventory.group", "pk": 146}, {"fields": {"children": [], "name": "m2m-websocket", "members": [226, 227, 286, 287, 331, 362], "description": ""}, "model": "inventory.group", "pk": 147}, {"fields": {"children": [], "name": "m2m-sso-api", "members": [379, 384], "description": ""}, "model": "inventory.group", "pk": 148}, {"fields": {"children": [], "name": "app-redis", "members": [204, 205, 206, 207, 208, 216, 262, 263, 264, 265, 266, 276, 321, 322, 327, 353, 358, 382, 387], "description": ""}, "model": "inventory.group", "pk": 149}, {"fields": {"children": [], "name": "m2m-admin-web", "members": [381, 386], "description": ""}, "model": "inventory.group", "pk": 150}, {"fields": {"children": [], "name": "m2m-monitoria", "members": [389, 390], "description": ""}, "model": "inventory.group", "pk": 151}, {"fields": {"children": [], "name": "m2m-painel-web", "members": [211, 269, 324, 355], "description": ""}, "model": "inventory.group", "pk": 152}, {"fields": {"children": [], "name": "m2m-web", "members": [211, 269, 324, 355], "description": ""}, "model": "inventory.group", "pk": 154}, {"fields": {"children": [24, 28, 29], "name": "app-mongodb", "members": [], "description": ""}, "model": "inventory.group", "pk": 155}, {"fields": {"children": [], "name": "m2m-worker-rep", "members": [398, 399, 400, 401], "description": ""}, "model": "inventory.group", "pk": 156}, {"fields": {"children": [], "name": "app-jsreport", "members": [382, 387], "description": ""}, "model": "inventory.group", "pk": 157}, {"fields": {"children": [], "name": "m2m-sso-web", "members": [381, 386], "description": ""}, "model": "inventory.group", "pk": 158}, {"fields": {"children": [], "name": "m2m-gwa-ws", "members": [402, 403], "description": ""}, "model": "inventory.group", "pk": 159}, {"fields": {"host": null, "group": null, "value": "", "key": ""}, "model": "inventory.variable", "pk": 1}, {"fields": {"host": null, "group": null, "value": "", "key": ""}, "model": "inventory.variable", "pk": 2}, {"fields": {"host": null, "group": null, "value": "", "key": ""}, "model": "inventory.variable", "pk": 3}, {"fields": {"host": null, "group": null, "value": "", "key": ""}, "model": "inventory.variable", "pk": 4}, {"fields": {"host": null, "group": null, "value": "", "key": ""}, "model": "inventory.variable", "pk": 5}, {"fields": {"host": null, "group": null, "value": "", "key": ""}, "model": "inventory.variable", "pk": 6}, {"fields": {"host": null, "group": null, "value": "", "key": ""}, "model": "inventory.variable", "pk": 7}, {"fields": {"host": null, "group": null, "value": "", "key": ""}, "model": "inventory.variable", "pk": 8}, {"fields": {"host": null, "group": null, "value": "", "key": ""}, "model": "inventory.variable", "pk": 9}, {"fields": {"host": null, "group": null, "value": "", "key": ""}, "model": "inventory.variable", "pk": 10}, {"fields": {"host": null, "group": null, "value": "", "key": ""}, "model": "inventory.variable", "pk": 11}, {"fields": {"host": null, "group": null, "value": "bunda", "key": ""}, "model": "inventory.variable", "pk": 12}, {"fields": {"host": null, "group": null, "value": "", "key": ""}, "model": "inventory.variable", "pk": 13}, {"fields": {"host": null, "group": null, "value": "variable", "key": "teste"}, "model": "inventory.variable", "pk": 14}, {"fields": {"host": null, "group": null, "value": "lele", "key": "bunda"}, "model": "inventory.variable", "pk": 15}, {"fields": {"host": null, "group": null, "value": "tetete", "key": "tese"}, "model": "inventory.variable", "pk": 16}, {"fields": {"host": null, "group": null, "value": "", "key": "teste"}, "model": "inventory.variable", "pk": 17}, {"fields": {"host": null, "group": null, "value": "", "key": ""}, "model": "inventory.variable", "pk": 19}, {"fields": {"host": null, "group": null, "value": "", "key": ""}, "model": "inventory.variable", "pk": 20}, {"fields": {"host": null, "group": null, "value": "23", "key": "vagina "}, "model": "inventory.variable", "pk": 21}, {"fields": {"host": null, "group": null, "value": "caida", "key": "arvore"}, "model": "inventory.variable", "pk": 23}, {"fields": {"host": null, "group": 19, "value": "zn5-api0", "key": "api0"}, "model": "inventory.variable", "pk": 25}, {"fields": {"host": null, "group": 19, "value": "zn5-api1", "key": "api1"}, "model": "inventory.variable", "pk": 26}, {"fields": {"host": null, "group": 19, "value": "zn5-rabbit-av0", "key": "rabbit_av"}, "model": "inventory.variable", "pk": 27}, {"fields": {"host": null, "group": 19, "value": " zn5-websocket0", "key": "websocket0"}, "model": "inventory.variable", "pk": 29}, {"fields": {"host": null, "group": null, "value": " zn5-websocket1", "key": "websocket0"}, "model": "inventory.variable", "pk": 30}, {"fields": {"host": null, "group": 19, "value": "zn5-redis0", "key": "redis"}, "model": "inventory.variable", "pk": 32}, {"fields": {"host": null, "group": 19, "value": "zn5-mysql0", "key": "mysql"}, "model": "inventory.variable", "pk": 33}, {"fields": {"host": null, "group": 19, "value": "zn5-nginx0", "key": "nginx"}, "model": "inventory.variable", "pk": 34}, {"fields": {"host": null, "group": 19, "value": "zn5.m2mcontrol.com.br", "key": "application_url"}, "model": "inventory.variable", "pk": 35}, {"fields": {"host": null, "group": 19, "value": "websocket.zn5.m2mcontrol.com.br", "key": "websocket_url"}, "model": "inventory.variable", "pk": 36}, {"fields": {"host": null, "group": 18, "value": "zn4-api0", "key": "api0"}, "model": "inventory.variable", "pk": 37}, {"fields": {"host": null, "group": 18, "value": "zn4-api1", "key": "api1"}, "model": "inventory.variable", "pk": 38}, {"fields": {"host": null, "group": 18, "value": "zn4-rabbit-av0", "key": "rabbit_av"}, "model": "inventory.variable", "pk": 39}, {"fields": {"host": null, "group": 18, "value": "zn4-rabbit-av0", "key": "rabbit_se"}, "model": "inventory.variable", "pk": 40}, {"fields": {"host": null, "group": 18, "value": "zn4-websocket0", "key": "websocket0"}, "model": "inventory.variable", "pk": 41}, {"fields": {"host": null, "group": 18, "value": "zn4-websocket1", "key": "websocket1"}, "model": "inventory.variable", "pk": 42}, {"fields": {"host": null, "group": 18, "value": "zn4-redis0", "key": "redis"}, "model": "inventory.variable", "pk": 43}, {"fields": {"host": null, "group": null, "value": "zn5-mysql0", "key": "mysql"}, "model": "inventory.variable", "pk": 44}, {"fields": {"host": null, "group": 18, "value": "zn4-mysql0", "key": "mysql"}, "model": "inventory.variable", "pk": 45}, {"fields": {"host": null, "group": 18, "value": "zn4-nginx0", "key": "nginx"}, "model": "inventory.variable", "pk": 46}, {"fields": {"host": null, "group": 18, "value": "zn4.m2mcontrol.com.br", "key": "application_url"}, "model": "inventory.variable", "pk": 47}, {"fields": {"host": null, "group": 18, "value": "websocket.zn4.m2mcontrol.com.br", "key": "websocket_url"}, "model": "inventory.variable", "pk": 48}, {"fields": {"host": null, "group": 19, "value": "zn5-rs0-a:27019,zn5-rs1-a:27019,zn5-rs2-a:27019", "key": "mongo_cfg"}, "model": "inventory.variable", "pk": 49}, {"fields": {"host": null, "group": 18, "value": "zn4-rs0-a:27019,zn4-rs1-a:27019,zn4-rs2-a:27019", "key": "mongo_cfg"}, "model": "inventory.variable", "pk": 50}, {"fields": {"host": null, "group": 21, "value": "znd-api0", "key": "api0"}, "model": "inventory.variable", "pk": 51}, {"fields": {"host": null, "group": 21, "value": "znd-api0", "key": "api1"}, "model": "inventory.variable", "pk": 52}, {"fields": {"host": null, "group": null, "value": "znh-rabbit-av0", "key": "rabbit_av"}, "model": "inventory.variable", "pk": 53}, {"fields": {"host": null, "group": null, "value": "znh-rabbit-av0", "key": "rabbit_se"}, "model": "inventory.variable", "pk": 54}, {"fields": {"host": null, "group": null, "value": "znh-websocket0", "key": "websocket0"}, "model": "inventory.variable", "pk": 55}, {"fields": {"host": null, "group": null, "value": "znh-websocket1", "key": "websocket1"}, "model": "inventory.variable", "pk": 56}, {"fields": {"host": null, "group": null, "value": "znh-redis0", "key": "redis"}, "model": "inventory.variable", "pk": 57}, {"fields": {"host": null, "group": null, "value": "znh-mysql0", "key": "mysql"}, "model": "inventory.variable", "pk": 58}, {"fields": {"host": null, "group": 21, "value": "znd-rabbit-av0", "key": "rabbit_av"}, "model": "inventory.variable", "pk": 59}, {"fields": {"host": null, "group": 21, "value": "znd-rabbit-av0", "key": "rabbit_se"}, "model": "inventory.variable", "pk": 60}, {"fields": {"host": null, "group": 21, "value": "znd-websocket0", "key": "websocket0"}, "model": "inventory.variable", "pk": 61}, {"fields": {"host": null, "group": 21, "value": "znd-websocket0", "key": "websocket1"}, "model": "inventory.variable", "pk": 62}, {"fields": {"host": null, "group": 21, "value": "znd-redis0", "key": "redis"}, "model": "inventory.variable", "pk": 63}, {"fields": {"host": null, "group": 21, "value": "znd-mysql0", "key": "mysql"}, "model": "inventory.variable", "pk": 64}, {"fields": {"host": null, "group": 21, "value": "znd-nginx0", "key": "nginx"}, "model": "inventory.variable", "pk": 65}, {"fields": {"host": null, "group": 21, "value": "znd.m2mcontrol.com.br", "key": "application_url"}, "model": "inventory.variable", "pk": 66}, {"fields": {"host": null, "group": 21, "value": "websocket.znd.m2mcontrol.com.br", "key": "websocket_url"}, "model": "inventory.variable", "pk": 67}, {"fields": {"host": null, "group": 21, "value": "znd-rs0-a:27019", "key": "mongo_cfg"}, "model": "inventory.variable", "pk": 68}, {"fields": {"host": null, "group": 20, "value": "znh-api0", "key": "api0"}, "model": "inventory.variable", "pk": 69}, {"fields": {"host": null, "group": 20, "value": "znh-api0", "key": "api1"}, "model": "inventory.variable", "pk": 70}, {"fields": {"host": null, "group": 20, "value": "znh-rabbit-av0", "key": "rabbit_av"}, "model": "inventory.variable", "pk": 71}, {"fields": {"host": null, "group": 20, "value": "znh-rabbit-av0", "key": "rabbit_se"}, "model": "inventory.variable", "pk": 72}, {"fields": {"host": null, "group": 20, "value": "znh-websocket0", "key": "websocket0"}, "model": "inventory.variable", "pk": 73}, {"fields": {"host": null, "group": 20, "value": "znh-websocket0", "key": "websocket1"}, "model": "inventory.variable", "pk": 74}, {"fields": {"host": null, "group": 20, "value": "znh-redis0", "key": "redis"}, "model": "inventory.variable", "pk": 75}, {"fields": {"host": null, "group": 20, "value": "znh-mysql0", "key": "mysql"}, "model": "inventory.variable", "pk": 76}, {"fields": {"host": null, "group": null, "value": "", "key": "appl"}, "model": "inventory.variable", "pk": 77}, {"fields": {"host": null, "group": null, "value": "znh.m2mcontrol.com.br", "key": "application_url"}, "model": "inventory.variable", "pk": 78}, {"fields": {"host": null, "group": null, "value": "websocket.znh.m2mcontrol.com.br", "key": "websocket_url"}, "model": "inventory.variable", "pk": 79}, {"fields": {"host": null, "group": 20, "value": "znh-nginx0", "key": "nginx"}, "model": "inventory.variable", "pk": 80}, {"fields": {"host": null, "group": 20, "value": "znh.m2mcontrol.com.br", "key": "application_url"}, "model": "inventory.variable", "pk": 81}, {"fields": {"host": null, "group": 20, "value": "websocket.znh.m2mcontrol.com.br", "key": "websocket_url"}, "model": "inventory.variable", "pk": 82}, {"fields": {"host": null, "group": 26, "value": "zns-report0", "key": "redis"}, "model": "inventory.variable", "pk": 83}, {"fields": {"host": null, "group": 26, "value": "zns-mysql0", "key": "mysql"}, "model": "inventory.variable", "pk": 84}, {"fields": {"host": null, "group": null, "value": "", "key": "report"}, "model": "inventory.variable", "pk": 85}, {"fields": {"host": null, "group": null, "value": "172.16.195.6", "key": "report"}, "model": "inventory.variable", "pk": 86}, {"fields": {"host": null, "group": 26, "value": "172.16.195.6", "key": "report"}, "model": "inventory.variable", "pk": 87}, {"fields": {"host": null, "group": 26, "value": "zns-sso_api0", "key": "sso-api"}, "model": "inventory.variable", "pk": 88}, {"fields": {"host": null, "group": 26, "value": "zns-api-admin0", "key": "admin_api"}, "model": "inventory.variable", "pk": 89}, {"fields": {"host": null, "group": null, "value": "znsd-report0", "key": "redis"}, "model": "inventory.variable", "pk": 92}, {"fields": {"host": null, "group": null, "value": "znsd-mysql0", "key": "mysql"}, "model": "inventory.variable", "pk": 93}, {"fields": {"host": null, "group": 27, "value": "znsd-report0", "key": "redis"}, "model": "inventory.variable", "pk": 94}, {"fields": {"host": null, "group": 27, "value": "znsd-mysql0", "key": "mysql"}, "model": "inventory.variable", "pk": 95}, {"fields": {"host": null, "group": 27, "value": "172.16.196.37", "key": "report"}, "model": "inventory.variable", "pk": 96}, {"fields": {"host": null, "group": 27, "value": "znsd-api-sso0", "key": "sso-api"}, "model": "inventory.variable", "pk": 97}, {"fields": {"host": 388, "group": null, "value": "104.130.127.61", "key": "ansible_ssh_host"}, "model": "inventory.variable", "pk": 104}, {"fields": {"host": 388, "group": null, "value": "root", "key": "ansible_ssh_user"}, "model": "inventory.variable", "pk": 105}, {"fields": {"host": null, "group": 25, "value": "e242e4d7f18adaf8195638827998092b892684f4", "key": "newrelic_key"}, "model": "inventory.variable", "pk": 106}, {"fields": {"host": null, "group": 135, "value": "oracle-java8", "key": "java_version"}, "model": "inventory.variable", "pk": 108}, {"fields": {"host": null, "group": 137, "value": "m2m-admin-api", "key": "service_name"}, "model": "inventory.variable", "pk": 124}, {"fields": {"host": null, "group": 137, "value": "server.js", "key": "service_file"}, "model": "inventory.variable", "pk": 125}, {"fields": {"host": null, "group": 137, "value": "git@bitbucket.org:m2msolutions/m2m-admin-api.git", "key": "service_repo"}, "model": "inventory.variable", "pk": 126}, {"fields": {"host": null, "group": 137, "value": "m2m-admin-api.pid", "key": "service_pidfile"}, "model": "inventory.variable", "pk": 127}, {"fields": {"host": null, "group": 137, "value": "3000", "key": "service_port"}, "model": "inventory.variable", "pk": 128}, {"fields": {"host": null, "group": 137, "value": "False", "key": "service_is_java"}, "model": "inventory.variable", "pk": 129}, {"fields": {"host": null, "group": 137, "value": "root", "key": "service_owner"}, "model": "inventory.variable", "pk": 130}, {"fields": {"host": null, "group": 131, "value": "production", "key": "nagios_contactgroups"}, "model": "inventory.variable", "pk": 138}, {"fields": {"host": null, "group": 138, "value": "development", "key": "nagios_contactgroups"}, "model": "inventory.variable", "pk": 139}, {"fields": {"host": null, "group": 132, "value": "testing", "key": "nagios_contactgroups"}, "model": "inventory.variable", "pk": 140}, {"fields": {"host": null, "group": 131, "value": "syshealth,m2m-services", "key": "nagios_hostgroups"}, "model": "inventory.variable", "pk": 142}, {"fields": {"host": null, "group": 42, "value": ",rabbitmq", "key": "nagios_rabbit"}, "model": "inventory.variable", "pk": 145}, {"fields": {"host": null, "group": 132, "value": "syshealth,m2m-services", "key": "nagios_hostgroups"}, "model": "inventory.variable", "pk": 147}, {"fields": {"host": null, "group": 19, "value": "zn5-websocket1", "key": "websocket1"}, "model": "inventory.variable", "pk": 148}, {"fields": {"host": null, "group": 15, "value": "transmissoes", "key": "adapter_type"}, "model": "inventory.variable", "pk": 149}, {"fields": {"host": null, "group": 30, "value": "$(cat /etc/hostname | tail -c 2)", "key": "worker_id"}, "model": "inventory.variable", "pk": 150}, {"fields": {"host": null, "group": 30, "value": "transmissoes", "key": "worker_service"}, "model": "inventory.variable", "pk": 151}, {"fields": {"host": null, "group": 30, "value": "area", "key": "worker_event"}, "model": "inventory.variable", "pk": 152}, {"fields": {"host": null, "group": 31, "value": "$(cat /etc/hostname | tail -c 2)", "key": "worker_id"}, "model": "inventory.variable", "pk": 153}, {"fields": {"host": null, "group": 31, "value": "transmissoes", "key": "worker_service"}, "model": "inventory.variable", "pk": 154}, {"fields": {"host": null, "group": 31, "value": "viagem", "key": "worker_event"}, "model": "inventory.variable", "pk": 155}, {"fields": {"host": null, "group": 33, "value": "$(cat /etc/hostname | tail -c 2)", "key": "worker_id"}, "model": "inventory.variable", "pk": 156}, {"fields": {"host": null, "group": 33, "value": "transmissoes", "key": "worker_service"}, "model": "inventory.variable", "pk": 157}, {"fields": {"host": null, "group": 33, "value": "evento", "key": "worker_event"}, "model": "inventory.variable", "pk": 158}, {"fields": {"host": null, "group": 32, "value": "sinotico", "key": "worker_event"}, "model": "inventory.variable", "pk": 159}, {"fields": {"host": null, "group": 32, "value": "$(cat /etc/hostname | tail -c 2)", "key": "worker_id"}, "model": "inventory.variable", "pk": 160}, {"fields": {"host": null, "group": 32, "value": "transmissoes", "key": "worker_service"}, "model": "inventory.variable", "pk": 161}, {"fields": {"host": null, "group": 36, "value": "0", "key": "worker_id"}, "model": "inventory.variable", "pk": 162}, {"fields": {"host": null, "group": 36, "value": "atraso", "key": "worker_event"}, "model": "inventory.variable", "pk": 164}, {"fields": {"host": null, "group": 36, "value": "transmissoes", "key": "worker_service"}, "model": "inventory.variable", "pk": 165}, {"fields": {"host": null, "group": 34, "value": "0", "key": "worker_id"}, "model": "inventory.variable", "pk": 166}, {"fields": {"host": null, "group": 34, "value": "retransmissoes", "key": "worker_service"}, "model": "inventory.variable", "pk": 167}, {"fields": {"host": null, "group": 34, "value": "area", "key": "worker_event"}, "model": "inventory.variable", "pk": 168}, {"fields": {"host": null, "group": 35, "value": "0", "key": "worker_id"}, "model": "inventory.variable", "pk": 169}, {"fields": {"host": null, "group": 35, "value": "retransmissoes", "key": "worker_service"}, "model": "inventory.variable", "pk": 170}, {"fields": {"host": null, "group": 35, "value": "viagem", "key": "worker_event"}, "model": "inventory.variable", "pk": 171}, {"fields": {"host": null, "group": 19, "value": "zn5-rabbit-av0", "key": "rabbit_se"}, "model": "inventory.variable", "pk": 172}, {"fields": {"host": null, "group": 14, "value": "retransmissoes", "key": "adapter_type"}, "model": "inventory.variable", "pk": 174}, {"fields": {"host": null, "group": 131, "value": "admin.m2mfrota.com.br", "key": "admin_url"}, "model": "inventory.variable", "pk": 175}, {"fields": {"host": null, "group": 132, "value": "admin-demo.m2mfrota.com.br", "key": "admin_url"}, "model": "inventory.variable", "pk": 176}, {"fields": {"host": null, "group": 18, "value": "zn4-painel.m2mcontrol.com.br", "key": "painel_url"}, "model": "inventory.variable", "pk": 177}, {"fields": {"host": null, "group": 19, "value": "zn5-painel.m2mcontrol.com.br", "key": "painel_url"}, "model": "inventory.variable", "pk": 178}, {"fields": {"host": null, "group": 21, "value": "znd-painel.m2mcontrol.com.br", "key": "painel_url"}, "model": "inventory.variable", "pk": 179}, {"fields": {"host": null, "group": 131, "value": "report.m2mfrota.com.br", "key": "report_url"}, "model": "inventory.variable", "pk": 180}, {"fields": {"host": null, "group": 131, "value": "zns-api-admin0", "key": "admin_api"}, "model": "inventory.variable", "pk": 181}, {"fields": {"host": null, "group": 149, "value": "3:3.0.5-1chl1~trusty1", "key": "redis_version"}, "model": "inventory.variable", "pk": 182}, {"fields": {"host": null, "group": 155, "value": "3.2.3", "key": "mongo_version"}, "model": "inventory.variable", "pk": 183}, {"fields": {"host": null, "group": 42, "value": "3.6.0-1", "key": "rabbitmq_version"}, "model": "inventory.variable", "pk": 184}, {"fields": {"host": null, "group": 145, "value": "0.12", "key": "nodejs_version"}, "model": "inventory.variable", "pk": 185}, {"fields": {"host": null, "group": 132, "value": "report-demo.m2mfrota.com.br", "key": "report_url"}, "model": "inventory.variable", "pk": 186}, {"fields": {"host": null, "group": 132, "value": "znsd-api-admin0", "key": "admin_api"}, "model": "inventory.variable", "pk": 188}, {"fields": {"host": null, "group": 142, "value": ",filecount,mxt-gateway", "key": "nagios_mxtgtw"}, "model": "inventory.variable", "pk": 190}, {"fields": {"host": null, "group": 131, "value": "znd-monitor", "key": "monitor_server"}, "model": "inventory.variable", "pk": 191}, {"fields": {"host": null, "group": 132, "value": "znsd-monitor", "key": "monitor_server"}, "model": "inventory.variable", "pk": 192}, {"fields": {"host": null, "group": 21, "value": "false", "key": "newrelic"}, "model": "inventory.variable", "pk": 193}, {"fields": {"host": null, "group": 18, "value": "false", "key": "newrelic"}, "model": "inventory.variable", "pk": 194}, {"fields": {"host": null, "group": 156, "value": "/gfs_dados/relatorio/", "key": "pdf_folder"}, "model": "inventory.variable", "pk": 200}, {"fields": {"host": 259, "group": null, "value": "false", "key": "newrelic"}, "model": "inventory.variable", "pk": 201}, {"fields": {"host": 260, "group": null, "value": "false", "key": "newrelic"}, "model": "inventory.variable", "pk": 202}, {"fields": {"host": 201, "group": null, "value": "false", "key": "newrelic"}, "model": "inventory.variable", "pk": 203}, {"fields": {"host": 202, "group": null, "value": "false", "key": "newrelic"}, "model": "inventory.variable", "pk": 204}, {"fields": {"host": null, "group": 132, "value": "znsd-mysql0", "key": "sso_mysql"}, "model": "inventory.variable", "pk": 205}, {"fields": {"host": null, "group": 131, "value": "zns-mysql0", "key": "sso_mysql"}, "model": "inventory.variable", "pk": 206}, {"fields": {"timezone": "America/Sao_Paulo", "rsa_key": "", "ansible_username": "pedro.tonini"}, "model": "users.userdata", "pk": 6}, {"fields": {"timezone": "America/Sao_Paulo", "rsa_key": "", "ansible_username": "anderson.araujo"}, "model": "users.userdata", "pk": 7}, {"fields": {"timezone": "America/Sao_Paulo", "rsa_key": "", "ansible_username": "rafael.orioli"}, "model": "users.userdata", "pk": 8}, {"fields": {"timezone": "America/Sao_Paulo", "rsa_key": "", "ansible_username": "rafael.peroco"}, "model": "users.userdata", "pk": 9}, {"fields": {"timezone": "America/Sao_Paulo", "rsa_key": "", "ansible_username": "carlos.carvalho"}, "model": "users.userdata", "pk": 10}, {"fields": {"timezone": "America/Sao_Paulo", "rsa_key": "", "ansible_username": "andre.oka"}, "model": "users.userdata", "pk": 11}, {"fields": {"timezone": "America/Sao_Paulo", "rsa_key": "", "ansible_username": "marcio.assis"}, "model": "users.userdata", "pk": 12}, {"fields": {"timezone": "America/Sao_Paulo", "rsa_key": "", "ansible_username": "william.siqueira"}, "model": "users.userdata", "pk": 13}, {"fields": {"timezone": "America/Sao_Paulo", "rsa_key": "", "ansible_username": "roger.lovato"}, "model": "users.userdata", "pk": 14}]